Title,Author,Acquired Date,Acquired Date ISO,Read Status,Shared With,Acquired By,Devices,Update Available,Additional Formats
An Edge in the Kitchen: The Ultimate Guide to Kitchen Knives,Chad Ward,"June 12, 2026",2026-06-12,No,Madeleine ORourke,,1,No,No
The Third Reich at War: 1939-1945 (The Third Reich Trilogy Book 3),Richard J. Evans,"June 12, 2026",2026-06-12,No,Madeleine ORourke,,1,No,No
"Fractal Worlds: Grown, Built, and Imagined",Michael Frame,"June 12, 2026",2026-06-12,No,Madeleine ORourke,,1,No,No
"When the Guillotine Fell: The Bloody Beginning and Horrifying End to France's River of Blood, 1791–1977",Jeremy Mercer,"June 6, 2026",2026-06-06,No,Madeleine ORourke,,1,No,No
China Mountain Zhang,"Maureen F. McHugh, Jo Walton","June 6, 2026",2026-06-06,No,Madeleine ORourke,,1,No,Yes
The Science of Plants: Inside Their Secret World (DK Secret World Encyclopedias),DK,"June 6, 2026",2026-06-06,No,Madeleine ORourke,,1,No,No
Fantastic Numbers and Where to Find Them: A Cosmic Quest from Zero to Infinity,Antonio Padilla,"June 4, 2026",2026-06-04,No,Madeleine ORourke,,1,No,No
"On This Date: From the Pilgrims to Today, Discovering America One Day at a Time",Carl M. Cannon,"June 4, 2026",2026-06-04,No,Madeleine ORourke,,1,No,No
Gotham Writers' Workshop: Writing Fiction: The Practical Guide From New York's Acclaimed Creative Writing School,"Gotham Writers' Workshop, Alexander Steele","May 28, 2026",2026-05-28,No,Madeleine ORourke,,1,No,No
Critical Mass: How One Thing Leads to Another,Philip Ball,"May 26, 2026",2026-05-26,Yes,Madeleine ORourke,,1,No,No
"Living on Earth: Forests, Corals, Consciousness, and the Making of the World",Peter Godfrey-Smith,"May 23, 2026",2026-05-23,No,Madeleine ORourke,,1,No,No
Five Lieutenants: The Heartbreaking Story of Five Harvard Men Who Led America to Victory in World War I,James Carl Nelson,"May 18, 2026",2026-05-18,No,Madeleine ORourke,,1,No,No
The Rise of the West: A History of the Human Community,William H. McNeill,"May 14, 2026",2026-05-14,No,Madeleine ORourke,,1,No,No
On Becoming a Novelist,John Gardner,"May 6, 2026",2026-05-06,No,Madeleine ORourke,,1,No,No
The Year of Peril: America in 1942,Tracy Campbell,"May 4, 2026",2026-05-04,No,Madeleine ORourke,,1,No,No
Blank Space: A Cultural History of the Twenty-First Century,W. David Marx,"May 4, 2026",2026-05-04,No,Madeleine ORourke,,1,No,No
Soldiers and Ghosts: A History of Battle in Classical Antiquity,J. E. Lendon,"May 4, 2026",2026-05-04,No,Madeleine ORourke,,1,No,No
Hazards of Time Travel: An Ingenious Dystopian Time Travel Novel of One Young Woman's Devastating and Liberating Journey,Joyce Carol Oates,"April 30, 2026",2026-04-30,No,Madeleine ORourke,,1,No,No
Maps & Civilization: Cartography in Culture and Society,Norman J. W. Thrower,"April 28, 2026",2026-04-28,No,Madeleine ORourke,,1,No,No
100 Years of the Best American Short Stories (The Best American Series),"Lorrie Moore, Heidi Pitlor, Lorrie Moore, Heidi Pitlor","April 27, 2026",2026-04-27,No,Madeleine ORourke,,0,No,No
"The Human Use of Human Beings: Cybernetics and Society—A Profound Examination of AI, Cybernetics, and the Human-Machine Relationship, Anticipating the Dilemmas of Modern Technology and Neuroscience",Norbert Wiener,"April 27, 2026",2026-04-27,No,Madeleine ORourke,,0,No,No
"The Improbability Principle: Why Coincidences, Miracles, and Rare Events Happen Every Day",David J. Hand,"April 22, 2026",2026-04-22,No,Madeleine ORourke,,1,No,No
The Clock Mirage: Our Myth of Measured Time,Joseph Mazur,"April 18, 2026",2026-04-18,No,Madeleine ORourke,,1,No,No
The Courage to Write: How Writers Transcend Fear,Ralph Keyes,"April 9, 2026",2026-04-09,No,Madeleine ORourke,,1,No,No
Author in Chief: The Untold Story of Our Presidents and the Books They Wrote,Craig Fehrman,"April 8, 2026",2026-04-08,No,Madeleine ORourke,,1,No,No
Why Did Europe Conquer the World? (The Princeton Economic History of the Western World Book 54),Philip T. Hoffman,"April 8, 2026",2026-04-08,No,Madeleine ORourke,,1,No,No
The Recollections: Fragments From a Life in Writing,Christopher Priest,"April 7, 2026",2026-04-07,No,Madeleine ORourke,,1,No,Yes
The Remains of Company D: A Story of the Great War,James Carl Nelson,"March 27, 2026",2026-03-27,No,Madeleine ORourke,,1,No,No
War and Peace and War: The Rise and Fall of Empires,Peter Turchin,"March 21, 2026",2026-03-21,No,Madeleine ORourke,,1,No,No
Inside U.S.A.,John Gunther,"March 1, 2026",2026-03-01,No,Madeleine ORourke,,1,No,No
Lies Across America: What Our Historic Sites Get Wrong,James W. Loewen,"February 21, 2026",2026-02-21,No,Madeleine ORourke,,1,No,No
Gospel: A Novel,Wilton Barnhardt,"February 16, 2026",2026-02-16,No,Madeleine ORourke,,1,No,No
How to Write: Advice and Reflections,Richard Rhodes,"February 16, 2026",2026-02-16,No,Madeleine ORourke,,1,No,No
The Third Reich in 100 Objects: A Material History of Nazi Germany,Roger Moorhouse,"February 16, 2026",2026-02-16,No,Madeleine ORourke,,1,No,No
Mankind: The Story of All Of Us,Pamela D. Toler,"February 16, 2026",2026-02-16,No,Madeleine ORourke,,1,No,No
Murderland: Crime and Bloodlust in the Time of Serial Killers,Caroline Fraser,"February 16, 2026",2026-02-16,No,Madeleine ORourke,,1,No,No
North Woods: A Novel,Daniel Mason,"February 5, 2026",2026-02-05,No,Madeleine ORourke,,1,No,No
Thunder at Twilight: Vienna 1913/1914,Frederic Morton,"January 29, 2026",2026-01-29,No,Madeleine ORourke,,1,No,No
Networks of the Brain,Olaf Sporns,"January 27, 2026",2026-01-27,No,Madeleine ORourke,,1,No,No
The History of the Hobbit,J. R. R. Tolkien,"January 25, 2026",2026-01-25,No,Madeleine ORourke,,1,No,No
The Good New Stuff: Adventure in SF in the Grand Tradition,"Gardner Dozois, Gardner Dozois","January 22, 2026",2026-01-22,No,Madeleine ORourke,,1,No,No
"Exploring J.r.r. Tolkien's ""the Hobbit""",Corey Olsen,"January 20, 2026",2026-01-20,No,Madeleine ORourke,,1,No,No
One Year to a Writing Life: Twelve Lessons to Deepen Every Writer's Art and Craft,Susan M. Tiberghien,"January 3, 2026",2026-01-03,No,Madeleine ORourke,,1,No,No
"The Killing Season: The Autumn of 1914, Ypres, and the Afternoon That Cost Germany a War",Robert Cowley,"December 22, 2025",2025-12-22,No,Madeleine ORourke,,1,No,No
On Cats: An Anthology,Notting Hill Editions,"December 22, 2025",2025-12-22,No,Madeleine ORourke,,1,No,No
"Aerial Geology: A High-Altitude Tour of North America's Spectacular Volcanoes, Canyons, Glaciers, Lakes, Craters, and Peaks",Mary Caperton Morton,"December 17, 2025",2025-12-17,No,Madeleine ORourke,,1,No,No
The Writer's Library: The Authors You Love on the Books That Changed Their Lives,"Nancy Pearl, Jeff Schwager","December 11, 2025",2025-12-11,No,Madeleine ORourke,,1,No,No
"Talk of the Devil: The Collected Writings of Ian Fleming—Wartime Experiences, Espionage Reflections, and Travel Narratives from the Creator of James Bond",Ian Fleming,"December 9, 2025",2025-12-09,No,Madeleine ORourke,,1,No,No
How Round Is Your Circle?: Where Engineering and Mathematics Meet,"John Bryant, Chris Sangwin","December 2, 2025",2025-12-02,No,Madeleine ORourke,,1,No,No
The Quiet Zone: Unraveling the Mystery of a Town Suspended in Silence,Stephen Kurczy,"November 23, 2025",2025-11-23,No,Madeleine ORourke,,1,No,No
The Great Silence: Britain from the Shadow of the First World War to the Dawn of the Jazz Age,Juliet Nicolson,"November 23, 2025",2025-11-23,No,Madeleine ORourke,,1,No,No
The Best Casserole Cookbook Ever: With More Than 500 Recipes!,Beatrice Ojakangas,"November 10, 2025",2025-11-10,No,Madeleine ORourke,,1,No,No
The Milky Way: An Insider's Guide,William H. Waller,"November 10, 2025",2025-11-10,No,Madeleine ORourke,,1,No,No
Ten Thousand Light Years from Okay: A Novel,"Tracy Dobmeier, Wendy Katzman","November 6, 2025",2025-11-06,No,Madeleine ORourke,,1,No,No
Blueprints of the Afterlife: A Novel,Ryan Boudinot,"November 4, 2025",2025-11-04,No,Madeleine ORourke,,1,No,No
"Stalin and the Scientists: A History of Triumph and Tragedy, 1905–1953",Simon Ings,"November 4, 2025",2025-11-04,No,Madeleine ORourke,,1,No,No
Would You Kill the Fat Man?: The Trolley Problem and What Your Answer Tells Us about Right and Wrong,David Edmonds,"October 24, 2025",2025-10-24,Yes,Madeleine ORourke,,1,No,No
Henry V: The Astonishing Triumph of England's Greatest Warrior King,Dan Jones,"October 23, 2025",2025-10-23,No,Madeleine ORourke,,1,No,No
"America, América: A New History of the New World",Greg Grandin,"October 8, 2025",2025-10-08,No,Madeleine ORourke,,1,No,No
Numbers Don't Lie: 71 Stories to Help Us Understand the Modern World,Vaclav Smil,"September 29, 2025",2025-09-29,No,Madeleine ORourke,,1,No,No
Infinity in the Palm of Your Hand: Fifty Wonders That Reveal an Extraordinary Universe,Marcus Chown,"September 26, 2025",2025-09-26,No,Madeleine ORourke,,1,No,No
Cartography: The Ideal and Its History,Matthew H. Edney,"September 26, 2025",2025-09-26,No,Madeleine ORourke,,1,No,No
And There Was Light: Abraham Lincoln and the American Struggle,Jon Meacham,"September 26, 2025",2025-09-26,No,Madeleine ORourke,,1,No,No
Zoom: From Atoms and Galaxies to Blizzards and Bees: How Everything Moves,Bob Berman,"September 5, 2025",2025-09-05,No,Madeleine ORourke,,1,No,No
Twist: A Novel,Colum McCann,"August 26, 2025",2025-08-26,No,Madeleine ORourke,,1,No,No
A New History of the Future in 100 Objects: A Fiction,Adrian Hon,"August 18, 2025",2025-08-18,No,Madeleine ORourke,,1,No,No
Desperate Characters: A Novel,Paula Fox,"August 7, 2025",2025-08-07,No,Madeleine ORourke,,1,No,No
Supersonic: A Novel,Thomas Kohnstamm,"August 6, 2025",2025-08-06,No,Madeleine ORourke,,1,No,No
"The Subversive Copy Editor: Advice from Chicago (or, How to Negotiate Good Relationships with Your Writers, Your Colleagues, and Yourself) (Chicago Guides to Writing, Editing, and Publishing)",Carol Fisher Saller,"August 6, 2025",2025-08-06,No,Madeleine ORourke,,1,No,No
Coming to America: A History of Immigration and Ethnicity in American Life,Roger Daniels,"July 30, 2025",2025-07-30,Yes,Madeleine ORourke,,1,No,No
How to Hide an Empire: A History of the Greater United States,Daniel Immerwahr,"July 13, 2025",2025-07-13,No,Madeleine ORourke,,1,No,No
"A True History of the United States: Indigenous Genocide, Racialized Slavery, Hyper-Capitalism, Militarist Imperialism and Other Overlooked Aspects of American Exceptionalism (Truth to Power)",Daniel A. Sjursen,"July 4, 2025",2025-07-04,No,Madeleine ORourke,,1,No,No
The Dictionary of Lost Words: Reese's Book Club: A Novel,Pip Williams,"July 4, 2025",2025-07-04,No,Madeleine ORourke,,1,No,No
How To Read A French Fry and Other Stories of Intriguing Kitchen Science,Russ Parsons,"July 3, 2025",2025-07-03,No,Madeleine ORourke,,1,No,No
The Chemistry Test,Georgina Frankie,"July 2, 2025",2025-07-02,No,Madeleine ORourke,,1,No,No
"Towing Icebergs, Falling Dominoes, and Other Adventures in Applied Mathematics (Princeton Puzzlers)",Robert B. Banks,"June 27, 2025",2025-06-27,No,Madeleine ORourke,,1,No,No
Divided by a Common Language: A Guide to British and American English,Christopher Davies,"June 14, 2025",2025-06-14,No,Madeleine ORourke,,1,No,No
A Mathematical Nature Walk,John A. Adam,"June 13, 2025",2025-06-13,No,Madeleine ORourke,,1,No,No
"When Asia Was the World: Traveling Merchants, Scholars, Warriors, and Monks Who Created the """"Riches of the """"East""""",Stewart Gordon,"June 11, 2025",2025-06-11,No,Madeleine ORourke,,1,No,No
Playing with Reality: How Games Have Shaped Our World,Kelly Clancy,"June 11, 2025",2025-06-11,No,Madeleine ORourke,,1,No,No
Printer's Error: Irreverent Stories of Books History,"J.P. Romney, Rebecca Romney","June 6, 2025",2025-06-06,No,Madeleine ORourke,,1,No,No
Waste Land: A World in Permanent Crisis,Robert D. Kaplan,"May 27, 2025",2025-05-27,No,Madeleine ORourke,,1,No,No
"Conspiracy: A History of Boll*cks Theories, and How Not to Fall for Them","Tom Phillips, Jonn Elledge","May 27, 2025",2025-05-27,Yes,Madeleine ORourke,,1,No,No
The Penguin Book of the Modern American Short Story,John Freeman,"May 27, 2025",2025-05-27,No,Madeleine ORourke,,1,No,No
"Storm’s Edge: Life, Death and Magic in the Islands of Orkney",Peter Marshall,"May 4, 2025",2025-05-04,No,Madeleine ORourke,,1,No,No
Story Genius: How to Use Brain Science to Go Beyond Outlining and Write a Riveting Novel (Before You Waste Three Years Writing 327 Pages That Go Nowhere),Lisa Cron,"April 27, 2025",2025-04-27,No,Madeleine ORourke,,1,No,No
History of the World Map by Map (DK History Map by Map),DK,"April 23, 2025",2025-04-23,No,Madeleine ORourke,,1,No,No
The Spike: How Our Lives Are Being Transformed by Rapidly Advancing Technologies,Damien Broderick,"April 22, 2025",2025-04-22,Yes,Madeleine ORourke,,1,No,Yes
14–18: Understanding the Great War,"Stéphane Audoin-Rouzeau, Annette Becker","April 12, 2025",2025-04-12,No,Madeleine ORourke,,1,No,No
The Knight in History (Medieval Life Book 3),Frances Gies,"April 11, 2025",2025-04-11,No,Madeleine ORourke,,0,No,No
Life in a Medieval Village (Medieval Life),"Frances Gies, Joseph Gies","April 11, 2025",2025-04-11,No,Madeleine ORourke,,0,No,No
The Bright Ages: A New History of Medieval Europe,"Matthew Gabriele, David M. Perry","April 11, 2025",2025-04-11,No,Madeleine ORourke,,1,No,No
The Hidden Globe: How Wealth Hacks the World,Atossa Araxia Abrahamian,"April 9, 2025",2025-04-09,No,Madeleine ORourke,,1,No,No
Mating: A Novel (National Book Award Winner) (Vintage International),Norman Rush,"April 7, 2025",2025-04-07,No,Madeleine ORourke,,1,No,No
The Other Ancient Civilizations: Decoding Archaeology's Less Celebrated Cultures,Raven Todd DaSilva,"March 31, 2025",2025-03-31,No,Madeleine ORourke,,1,No,No
"God's Secret Agents: The Story of a Deadly Game of Cat and Mouse between Priests and Government Spies, in which Queen Elizabeth and Her Ministers Fought ... Catholics Fought to Defend Their Souls",Alice Hogge,"March 28, 2025",2025-03-28,No,Madeleine ORourke,,1,No,No
The Red Atlas: How the Soviet Union Secretly Mapped the World,"John Davies, Alexander J. Kent","March 21, 2025",2025-03-21,No,Madeleine ORourke,,1,No,No
Heretic: Jesus Christ and the Other Sons of God – A Revelatory History of the Many Different Christs of Early Christianity and How One Was Chosen,Catherine Nixey,"March 16, 2025",2025-03-16,No,Madeleine ORourke,,1,No,No
"The Whole Five Feet: What the Great Books Taught Me About Life, Death, and Pretty Much Everthing Else",Christopher R. Beha,"March 14, 2025",2025-03-14,No,Madeleine ORourke,,1,No,No
"Command and Control: Nuclear Weapons, the Damascus Accident, and the Illusion of Safety (ALA Notable Books for Adults)",Eric Schlosser,"March 12, 2025",2025-03-12,No,Madeleine ORourke,,1,No,No
Beautiful Geometry,"Eli Maor, Eugen Jost","March 9, 2025",2025-03-09,No,Madeleine ORourke,,1,No,No
Book Towns: Forty-Five Paradises of the Printed Word,Alex Johnson,"March 8, 2025",2025-03-08,No,Madeleine ORourke,,1,No,No
"The Theory That Would Not Die: How Bayes' Rule Cracked the Enigma Code, Hunted Down Russian Submarines, & Emerged Triumphant from Two Centuries of C",Sharon Bertsch McGrayne,"March 5, 2025",2025-03-05,No,Madeleine ORourke,,1,No,No
American Prometheus (Pulitzer Prize Winner): The Inspiration for the Major Motion Picture OPPENHEIMER,"Kai Bird, Martin J. Sherwin","March 5, 2025",2025-03-05,No,Madeleine ORourke,,1,No,No
A History of the Twentieth Century in 100 Maps,"Tim Bryars, Tom Harper","March 5, 2025",2025-03-05,No,Madeleine ORourke,,1,No,No
Briefly Very Beautiful: A Novel,Roz Dineen,"March 4, 2025",2025-03-04,No,Madeleine ORourke,,1,No,No
An Infinity of Worlds: Cosmic Inflation and the Beginning of the Universe,Will Kinney,"February 26, 2025",2025-02-26,No,Madeleine ORourke,,1,No,No
Count Like an Egyptian: A Hands-on Introduction to Ancient Mathematics,D. Reimer,"February 26, 2025",2025-02-26,No,Madeleine ORourke,,1,No,No
"The Cat Who Saved Books: A Captivating Fantasy Novel with a Feline Twist, Embark on a Magical Adventure to Save the Books!",Sosuke Natsukawa,"February 26, 2025",2025-02-26,No,Madeleine ORourke,,1,No,No
"Sleight of Mind: 75 Ingenious Paradoxes in Mathematics, Physics, and Philosophy",Matt Cook,"February 18, 2025",2025-02-18,No,Madeleine ORourke,,1,No,No
Just Over the Horizon (The Complete Short Fiction of Greg Bear Book 1),Greg Bear,"February 17, 2025",2025-02-17,No,Madeleine ORourke,,1,No,No
Always Coming Home: A Novel,Ursula K. Le Guin,"February 13, 2025",2025-02-13,No,Madeleine ORourke,,2,No,No
Inventing English: A Portable History of the Language,Seth Lerer,"February 7, 2025",2025-02-07,No,Madeleine ORourke,,1,No,No
The Planets: Photographs from the Archives of NASA,Nirmala Nataraj,"February 7, 2025",2025-02-07,No,Madeleine ORourke,,1,No,No
Beyond Measure: The Hidden History of Measurement from Cubits to Quantum Constants,James Vincent,"February 4, 2025",2025-02-04,No,Madeleine ORourke,,1,No,No
A Brief History of the World in 47 Borders: Surprising Stories Behind the Lines on Our Maps,Jonn Elledge,"February 3, 2025",2025-02-03,Yes,Madeleine ORourke,,1,No,No
Summer of Blood: England's First Revolution,Dan Jones,"January 28, 2025",2025-01-28,No,Madeleine ORourke,,1,No,No
"How the World Made the West: A 4,000 Year History",Josephine Crawley Quinn,"January 27, 2025",2025-01-27,No,Madeleine ORourke,,1,No,No
And Man Created God: A History of the World at the Time of Jesus,Selina O'Grady,"January 26, 2025",2025-01-26,No,Madeleine ORourke,,1,No,No
Critical Thinking (The MIT Press Essential Knowledge series),Jonathan Haber,"January 24, 2025",2025-01-24,No,Madeleine ORourke,,1,No,No
Nexus: A Brief History of Information Networks from the Stone Age to AI,Yuval Noah Harari,"January 24, 2025",2025-01-24,No,Madeleine ORourke,,1,No,No
"Black Thorn, White Rose (Fairy Tale Anthologies Book 2)","Ellen Datlow, Terri Windling","January 22, 2025",2025-01-22,No,Madeleine ORourke,,1,No,No
FASTER THAN LIGHT: HOW YOUR SHADOW CAN DO IT BUT YOU CAN'T,Robert J. Nemiroff,"January 20, 2025",2025-01-20,No,Madeleine ORourke,,1,No,No
Across the Airless Wilds: The Lunar Rover and the Triumph of the Final Moon Landings – The Forgotten History of Daring Exploration and Human Genius,Earl Swift,"January 17, 2025",2025-01-17,No,Madeleine ORourke,,1,No,No
"When the Earth Had Two Moons: Cannibal Planets, Icy Giants, Dirty Comets, Dreadful Orbits, and the Origins of the Night Sky",Erik Asphaug,"January 17, 2025",2025-01-17,No,Madeleine ORourke,,1,No,No
The Last Dangerous Visions (The Dangerous Visions Series),"Harlan Ellison, J. Michael Straczynski","January 17, 2025",2025-01-17,No,Madeleine ORourke,,1,No,No
"Quantum Field Theory, as Simply as Possible",Anthony Zee,"January 14, 2025",2025-01-14,No,Madeleine ORourke,,1,No,No
Essays One,Lydia Davis,"January 13, 2025",2025-01-13,No,Madeleine ORourke,,1,No,No
The Light of Other Days: A Novel of the Transformation of Humanity,"Arthur C. Clarke, Stephen Baxter","January 13, 2025",2025-01-13,No,Madeleine ORourke,,1,No,No
Salon Fantastique,"Ellen Datlow, Terri Windling","January 12, 2025",2025-01-12,No,Madeleine ORourke,,1,No,No
On Freedom,Timothy Snyder,"January 12, 2025",2025-01-12,No,Madeleine ORourke,,1,No,No
City of Dreams: The 400-Year Epic History of Immigrant New York,Tyler Anbinder,"January 11, 2025",2025-01-11,No,Madeleine ORourke,,1,No,No
Stuff Every American Should Know (Stuff You Should Know Book 10),"Denise Kiernan, Joseph D'Agnese","January 11, 2025",2025-01-11,No,Madeleine ORourke,,1,No,No
War! What Is It Good For?: Conflict and the Progress of Civilization from Primates to Robots,Ian Morris,"January 10, 2025",2025-01-10,No,Madeleine ORourke,,1,No,No
"A Theory of Everyone: The New Science of Who We Are, How We Got Here, and Where We’re Going",Michael Muthukrishna,"January 7, 2025",2025-01-07,No,Madeleine ORourke,,1,No,No
Rolling Stone: The 500 Greatest Albums of All Time,Rolling Stone,"January 5, 2025",2025-01-05,No,Madeleine ORourke,,1,No,No
Fallen Glory: The Lives and Deaths of History's Greatest Buildings,James Crawford,"January 5, 2025",2025-01-05,No,Madeleine ORourke,,1,No,No
Bird Brain: An Exploration of Avian Intelligence,Nathan Emery,"January 3, 2025",2025-01-03,No,Madeleine ORourke,,1,No,No
How the States Got Their Shapes,Mark Stein,"January 3, 2025",2025-01-03,No,Madeleine ORourke,,1,No,No
The MANIAC,Benjamin Labatut,"December 28, 2024",2024-12-28,No,Madeleine ORourke,,1,No,No
Webb's Universe: The Space Telescope Images That Reveal Our Cosmic History,Maggie Aderin-Pocock,"December 28, 2024",2024-12-28,No,Madeleine ORourke,,1,No,No
Hidden Wonders: The Subtle Dialogue Between Physics and Elegance,Benoît Roman,"December 24, 2024",2024-12-24,No,Madeleine ORourke,,1,No,No
Always Take Notes: Advice from Some of the World's Greatest Writers,"Simon Akam, Rachel Lloyd","December 20, 2024",2024-12-20,No,Madeleine ORourke,,1,No,No
Eifelheim,Michael Flynn,"December 17, 2024",2024-12-17,No,Madeleine ORourke,,1,No,Yes
The Accidents of Style: Good Advice on How Not to Write Badly,Charles Harrington Elster,"December 17, 2024",2024-12-17,No,Madeleine ORourke,,1,No,No
What If We Get It Right?: Visions of Climate Futures,Ayana Elizabeth Johnson,"December 16, 2024",2024-12-16,No,Madeleine ORourke,,1,No,No
The Truth and Other Stories,Stanislaw Lem,"December 13, 2024",2024-12-13,No,Madeleine ORourke,,1,No,No
Artificial General Intelligence (The MIT Press Essential Knowledge series),Julian Togelius,"December 10, 2024",2024-12-10,No,Madeleine ORourke,,1,No,No
The Deep Learning Revolution,Terrence J. Sejnowski,"December 10, 2024",2024-12-10,No,Madeleine ORourke,,1,No,No
"1,000 Books to Read Before You Die: A Life-Changing List",James Mustich,"December 10, 2024",2024-12-10,No,Madeleine ORourke,,1,No,No
Uncountable: A Philosophical History of Number and Humanity from Antiquity to the Present,"David Nirenberg, Ricardo L. Nirenberg","December 9, 2024",2024-12-09,No,Madeleine ORourke,,1,No,No
The Best of the Best: 20 Years of the Year's Best Science Fiction,"Gardner Dozois, Gardner Dozois","December 5, 2024",2024-12-05,No,Madeleine ORourke,,1,No,No
Cassandra at the Wedding (New York Review Books Classics),Dorothy Baker,"December 5, 2024",2024-12-05,No,Madeleine ORourke,,1,No,No
Indigenous Continent: The Epic Contest for North America,Pekka Hämäläinen,"November 5, 2024",2024-11-05,No,Madeleine ORourke,,1,No,No
"Keeping the Faith: God, Democracy, and the Trial That Riveted a Nation",Brenda Wineapple,"November 1, 2024",2024-11-01,No,Madeleine ORourke,,1,No,No
Native Nations: A Millennium in North America,Kathleen DuVal,"October 31, 2024",2024-10-31,No,Madeleine ORourke,,1,No,No
How the Universe Got Its Spots: Diary of a Finite Time in a Finite Space,Janna Levin,"October 22, 2024",2024-10-22,No,Madeleine ORourke,,1,No,No
"Polostan: Volume One of Bomb Light—A Riveting Historical Epic of International Espionage, Intrigue, and the Dawn of the Atomic Age, by the #1 New York Times Bestselling Author",Neal Stephenson,"October 14, 2024",2024-10-14,Yes,Madeleine ORourke,,1,No,No
The Ghosts of Berlin: Confronting German History in the Urban Landscape,Brian Ladd,"October 2, 2024",2024-10-02,No,Madeleine ORourke,,1,No,No
Courtesans and Fishcakes: The Consuming Passions of Classical Athens,James Davidson,"August 29, 2024",2024-08-29,No,Madeleine ORourke,,1,No,No
"How to Write Like a Writer: A Sharp and Subversive Guide to Ignoring Inhibitions, Inviting Inspiration, and Finding Your True Voice",Thomas C. Foster,"August 21, 2024",2024-08-21,No,Madeleine ORourke,,1,No,No
How to Lie with Maps,Mark Monmonier,"August 1, 2024",2024-08-01,No,Madeleine ORourke,,1,No,No
"The Quantum Curators and the Fabergé Egg: An alternate history, time-travel adventure. (Book 1)",Eva St. John,"July 31, 2024",2024-07-31,No,Madeleine ORourke,,1,No,No
Sabertooth (Life of the Past),Mauricio Antón,"July 29, 2024",2024-07-29,No,Madeleine ORourke,,1,No,No
Pastoralia,George Saunders,"July 19, 2024",2024-07-19,No,Madeleine ORourke,,1,No,No
Hild: A Novel (The Hild Sequence Book 1),Nicola Griffith,"July 12, 2024",2024-07-12,No,Madeleine ORourke,,1,No,No
Dr Space Junk vs The Universe: Archaeology and the Future,Alice Gorman,"June 28, 2024",2024-06-28,No,Madeleine ORourke,,1,No,No
The Skeptics' Guide to the Future: What Yesterday's Science and Science Fiction Tell Us About the World of Tomorrow,Dr. Steven Novella,"June 24, 2024",2024-06-24,No,Madeleine ORourke,,1,No,No
On Fascism: 12 Lessons from American History,Matthew C. MacWilliams,"June 20, 2024",2024-06-20,No,Madeleine ORourke,,1,No,No
The Dollmaker: A Novel,Nina Allan,"June 20, 2024",2024-06-20,No,Madeleine ORourke,,1,No,No
Gladius: The World of the Roman Soldier,Guy De la Bédoyère,"June 18, 2024",2024-06-18,No,Madeleine ORourke,,1,No,No
"The People, No: A Brief History of Anti-Populism",Thomas Frank,"June 18, 2024",2024-06-18,No,Madeleine ORourke,,1,No,No
Brilliant Blunders: From Darwin to Einstein - Colossal Mistakes by Great Scientists That Changed Our Understanding of Life and the Universe,Mario Livio,"June 14, 2024",2024-06-14,No,Madeleine ORourke,,1,No,No
Twelve Tomorrows,Wade Roush,"June 10, 2024",2024-06-10,No,Madeleine ORourke,,1,No,No
Plagues Upon the Earth: Disease and the Course of Human History (The Princeton Economic History of the Western World),Kyle Harper,"June 7, 2024",2024-06-07,No,Madeleine ORourke,,1,No,No
"The Lost History of Christianity: The Thousand-Year Golden Age of the Church in the Middle East, Africa, and Asia—and How It Died",Philip Jenkins,"June 5, 2024",2024-06-05,No,Madeleine ORourke,,1,No,No
The Artist in the Machine: The World of AI-Powered Creativity,Arthur I. Miller,"June 4, 2024",2024-06-04,No,Madeleine ORourke,,1,No,No
Books for Idle Hours: Nineteenth-Century Publishing and the Rise of Summer Reading (Studies in Print Culture and the History of the Book),Donna Harrington-Lueker,"June 4, 2024",2024-06-04,No,Madeleine ORourke,,1,No,No
"Why the Wheel Is Round: Muscles, Technology, and How We Make Things Move",Steven Vogel,"May 28, 2024",2024-05-28,No,Madeleine ORourke,,1,No,No
Invisible Countries: Journeys to the Edge of Nationhood,Joshua Keating,"May 28, 2024",2024-05-28,No,Madeleine ORourke,,1,No,No
Dust: The Modern World in a Trillion Particles,Jay Owens,"May 20, 2024",2024-05-20,No,Madeleine ORourke,,1,No,No
The Equation that Couldn't Be Solved: How Mathematical Genius Discovered the Language of Symmetry,Mario Livio,"May 15, 2024",2024-05-15,No,Madeleine ORourke,,1,No,No
The Long Shadow: The Legacies of the Great War in the Twentieth Century,David Reynolds Ph.D.,"May 13, 2024",2024-05-13,No,Madeleine ORourke,,1,No,No
Medieval Horizons: Why the Middle Ages Matter,Ian Mortimer,"May 13, 2024",2024-05-13,No,Madeleine ORourke,,1,No,No
The Neil Gaiman Reader: Selected Fiction,Neil Gaiman,"May 13, 2024",2024-05-13,No,Madeleine ORourke,,1,No,No
The Divine Comedy,Dante Alighieri,"May 8, 2024",2024-05-08,No,Madeleine ORourke,,1,No,No
Gödel's Proof,"Ernest Nagel, James R. Newman, Douglas R. Hofstadter, Douglas R. Hofstadter","May 8, 2024",2024-05-08,No,Madeleine ORourke,,1,No,No
The Alignment Problem: Machine Learning and Human Values,Brian Christian,"May 8, 2024",2024-05-08,Yes,Madeleine ORourke,,1,No,No
Einstein's Clocks and Poincare's Maps: Empires of Time,Peter Galison,"May 3, 2024",2024-05-03,No,Madeleine ORourke,,1,No,No
The Hidden History of the Supreme Court and the Betrayal of America,Thom Hartmann,"May 2, 2024",2024-05-02,No,Madeleine ORourke,,1,No,No
"Berlin 1936: Fascism, Fear, and Triumph Set Against Hitler's Olympic Games",Oliver Hilmes,"April 30, 2024",2024-04-30,No,Madeleine ORourke,,1,No,No
Outside the Gates of Eden: The Dream of America from Hiroshima to Now,Peter Bacon Hales,"April 29, 2024",2024-04-29,No,Madeleine ORourke,,1,No,No
Moon: An Illustrated History: From Ancient Myths to the Colonies of Tomorrow (Union Square & Co. Illustrated Histories),David Warmflash,"April 28, 2024",2024-04-28,No,Madeleine ORourke,,1,No,No
Sex and Sexuality in Ancient Rome,L. J. Trafford,"April 26, 2024",2024-04-26,No,Madeleine ORourke,,1,No,No
About Time: Cosmology and Culture at the Twilight of the Big Bang,Adam Frank,"April 26, 2024",2024-04-26,No,Madeleine ORourke,,1,No,No
Cities,John Reader,"April 24, 2024",2024-04-24,No,Madeleine ORourke,,1,No,No
In the Shadow of the Towers: Speculative Fiction in a Post-9/11 World,Douglas Lain,"April 23, 2024",2024-04-23,No,Madeleine ORourke,,1,No,No
"London, A Fourteenth-Century City and its People",Kathryn Warner,"April 23, 2024",2024-04-23,No,Madeleine ORourke,,1,No,No
Tyranny of the Minority: Why American Democracy Reached the Breaking Point,"Steven Levitsky, Daniel Ziblatt","April 19, 2024",2024-04-19,No,Madeleine ORourke,,1,No,No
The Home Front: 1939–1945 in 100 Objects,Austin J. Ruddy,"April 19, 2024",2024-04-19,No,Madeleine ORourke,,1,No,No
"The British Table: A New Look at the Traditional Cooking of England, Scotland, and Wales",Colman Andrews,"April 15, 2024",2024-04-15,No,Madeleine ORourke,,1,No,No
Mapping America: The Incredible Story and Stunning Hand-Colored Maps and Engravings that Created the United States,"Jean-Pierre Isbouts, Neal Asbury","April 15, 2024",2024-04-15,No,Madeleine ORourke,,1,No,No
History: The Definitive Visual Guide (DK Definitive Visual Encyclopedias),DK,"April 15, 2024",2024-04-15,No,Madeleine ORourke,,1,No,No
"The Wall of Birds: One Planet, 243 Families, 375 Million Years","Jane Kim, Thayer Walker","April 15, 2024",2024-04-15,No,Madeleine ORourke,,1,No,No
"Mathematics in Twentieth-Century Literature & Art: Content, Form, Meaning",Robert Tubbs,"April 10, 2024",2024-04-10,No,Madeleine ORourke,,1,No,No
Pseudoscience: The Conspiracy Against Science,"Allison B. Kaufman, James C. Kaufman","April 9, 2024",2024-04-09,No,Madeleine ORourke,,1,No,No
"What You Are Looking For Is in the Library: A Life-Affirming Story About Finding Hope, Purpose, and Connection",Michiko Aoyama,"April 8, 2024",2024-04-08,No,Madeleine ORourke,,1,No,No
We Don't Know Ourselves: A Personal History of Modern Ireland,Fintan O'Toole,"April 3, 2024",2024-04-03,No,Madeleine ORourke,,1,No,No
"Picts, Gaels and Scots: Early Historic Scotland",Sally M. Foster,"April 3, 2024",2024-04-03,No,Madeleine ORourke,,1,No,No
Cut and Thirst: A Short Story,Margaret Atwood,"April 1, 2024",2024-04-01,Yes,Madeleine ORourke,,1,No,No
Genesis (Memory of Fire Book 1),Eduardo Galeano,"March 25, 2024",2024-03-25,No,Madeleine ORourke,,1,No,No
"How Math Explains the World: A Guide to the Power of Numbers, from Car Repair to Modern Physics",James D. Stein,"March 22, 2024",2024-03-22,No,Madeleine ORourke,,1,No,No
The Triumph of Christianity: How a Forbidden Religion Swept the World,Bart D. Ehrman,"March 22, 2024",2024-03-22,No,Madeleine ORourke,,1,No,No
The Man from the Future: The Visionary Ideas of John von Neumann,Ananyo Bhattacharya,"March 21, 2024",2024-03-21,No,Madeleine ORourke,,1,No,No
1001 Ideas That Changed the Way We Think,Robert Arp,"March 21, 2024",2024-03-21,No,Madeleine ORourke,,1,No,No
The Idea of Decline in Western History,Arthur Herman,"March 21, 2024",2024-03-21,No,Madeleine ORourke,,1,Yes,No
Time Warped: Unlocking the Mysteries of Time Perception,Claudia Hammond,"March 21, 2024",2024-03-21,No,Madeleine ORourke,,1,No,No
Love: A History,Simon May,"March 20, 2024",2024-03-20,No,Madeleine ORourke,,1,No,No
Thermodynamic Weirdness: From Fahrenheit to Clausius,Don S. Lemons,"March 19, 2024",2024-03-19,No,Madeleine ORourke,,1,No,No
The Wall: Rome's Greatest Frontier,Alistair Moffat,"March 19, 2024",2024-03-19,No,Madeleine ORourke,,1,No,No
The Fall of Roman Britain: and Why We Speak English,John Lambshead,"March 15, 2024",2024-03-15,No,Madeleine ORourke,,1,No,No
"The Midnight Disease: The Drive to Write, Writer's Block, and the Creative Brain",Alice W. Flaherty,"March 13, 2024",2024-03-13,No,Madeleine ORourke,,1,No,No
"God's Shadow: Sultan Selim, His Ottoman Empire, and the Making of the Modern World",Alan Mikhail,"March 13, 2024",2024-03-13,No,Madeleine ORourke,,1,No,No
The Book of English Folk Tales,Sybil Marshall,"March 11, 2024",2024-03-11,No,Madeleine ORourke,,1,No,No
The Book of Air and Shadows: A Novel,Michael Gruber,"March 11, 2024",2024-03-11,No,Madeleine ORourke,,1,Yes,No
"Atlas of the Unexpected: Haphazard Discoveries, Chance Places and Unimaginable Destinations (Unexpected Atlases)",Travis Elborough,"March 9, 2024",2024-03-09,No,Madeleine ORourke,,1,No,No
"The Thackery T. Lambshead Cabinet of Curiosities: Exhibits, Oddities, Images, & Stories from Top Authors & Artists","Ann VanderMeer, Jeff VanderMeer, Ann VanderMeer, Jeff VanderMeer","March 4, 2024",2024-03-04,No,Madeleine ORourke,,1,No,No
The Cycles of American History,Arthur M. Schlesinger,"February 27, 2024",2024-02-27,No,Madeleine ORourke,,1,No,No
The Country Cooking of Italy,Colman Andrews,"February 27, 2024",2024-02-27,No,Madeleine ORourke,,1,No,No
"The Biggest Ideas in the Universe: Space, Time, and Motion",Sean M. Carroll,"February 21, 2024",2024-02-21,No,Madeleine ORourke,,1,No,No
Fool on the Hill: A Novel,Matt Ruff,"February 14, 2024",2024-02-14,No,Madeleine ORourke,,1,No,No
Five Moral Pieces,Umberto Eco,"February 14, 2024",2024-02-14,No,Madeleine ORourke,,1,No,No
Land of Promise: An Economic History of the United States,Michael Lind,"February 14, 2024",2024-02-14,No,Madeleine ORourke,,1,No,No
Unruly: The Ridiculous History of England's Kings and Queens,David Mitchell,"February 14, 2024",2024-02-14,No,Madeleine ORourke,,1,No,No
The Arabian Nightmare: A Novel,Robert Irwin,"February 14, 2024",2024-02-14,No,Madeleine ORourke,,1,No,No
Seven Games: A Human History,Oliver Roeder,"February 12, 2024",2024-02-12,No,Madeleine ORourke,,1,No,No
Knowing What We Know: The Transmission of Knowledge: From Ancient Wisdom to Modern Magic,Simon Winchester,"February 9, 2024",2024-02-09,No,Madeleine ORourke,,1,No,No
Oh Pure and Radiant Heart,Lydia Millet,"February 9, 2024",2024-02-09,No,Madeleine ORourke,,1,No,No
Dark Matter of the Mind: The Culturally Articulated Unconscious,Daniel L. Everett,"February 6, 2024",2024-02-06,No,Madeleine ORourke,,1,No,No
An Experiment in Love: A Novel,Hilary Mantel,"February 2, 2024",2024-02-02,No,Madeleine ORourke,,1,No,No
Lost to Time: Unforgettable Stories That History Forgot,Martin W. Sandler,"January 30, 2024",2024-01-30,No,Madeleine ORourke,,1,No,No
Nettle & Bone,T. Kingfisher,"January 30, 2024",2024-01-30,No,Madeleine ORourke,,1,Yes,Yes
Pagans: The End of Traditional Religion and the Rise of Christianity,James J. O'Donnell,"January 30, 2024",2024-01-30,No,Madeleine ORourke,,1,No,No
Henry Adams and the Making of America,Garry Wills,"January 30, 2024",2024-01-30,No,Madeleine ORourke,,1,No,No
"Semicolon: The Past, Present, and Future of a Misunderstood Mark",Cecelia Watson,"January 29, 2024",2024-01-29,No,Madeleine ORourke,,1,No,No
Italian Folktales,Italo Calvino,"January 29, 2024",2024-01-29,No,Madeleine ORourke,,1,No,No
Women Warriors: An Unexpected History,Pamela D. Toler,"January 26, 2024",2024-01-26,No,Madeleine ORourke,,1,No,No
The Book of English Magic,"Philip Carr-Gomm, Richard Heygate","January 25, 2024",2024-01-25,No,Madeleine ORourke,,1,No,No
Perplexing Plots: Popular Storytelling and the Poetics of Murder (Film and Culture Series),David Bordwell,"January 23, 2024",2024-01-23,No,Madeleine ORourke,,1,No,No
"The Merchant of Prato: Francesco di Marco Datini, 1335-1410",Iris Origo,"January 22, 2024",2024-01-22,No,Madeleine ORourke,,1,No,No
Hands of Time: A Watchmaker’s History,Rebecca Struthers,"January 16, 2024",2024-01-16,No,Madeleine ORourke,,1,No,No
Tolkien and the Great War: The Threshold of Middle-earth,John Garth,"January 15, 2024",2024-01-15,No,Madeleine ORourke,,1,No,No
Pathfinders: A Global History of Exploration,Felipe Fernandez-Armesto,"January 12, 2024",2024-01-12,No,Madeleine ORourke,,1,Yes,No
Turing's Vision: The Birth of Computer Science,Chris Bernhardt,"January 12, 2024",2024-01-12,No,Madeleine ORourke,,1,No,No
Carjacked: The Culture of the Automobile & Its Effect on Our Lives,"Catherine Lutz, Anne Lutz Fernandez","January 10, 2024",2024-01-10,No,Madeleine ORourke,,1,No,No
"French Countryside Cooking: Inspirational dishes from the forests, fields and shores of France",Daniel Galmiche,"January 10, 2024",2024-01-10,No,Madeleine ORourke,,1,No,No
The Buried: An Archaeology of the Egyptian Revolution,Peter Hessler,"January 9, 2024",2024-01-09,No,Madeleine ORourke,,1,No,No
Great River: The Rio Grand in North American History,Paul Horgan,"January 8, 2024",2024-01-08,No,Madeleine ORourke,,1,No,No
Universe of Stone: Chartres Cathedral and the Invention of the Gothic,Philip Ball,"January 6, 2024",2024-01-06,No,Madeleine ORourke,,1,No,No
The Eerie Silence: Renewing Our Search for Alien Intelligence,Paul Davies,"January 3, 2024",2024-01-03,No,Madeleine ORourke,,1,No,No
Morte d'Urban (New York Review Books Classics),J.F. Powers,"December 30, 2023",2023-12-30,No,Madeleine ORourke,,1,No,No
The Echo of Old Books: A Novel,Barbara Davis,"December 27, 2023",2023-12-27,No,Madeleine ORourke,,1,Yes,No
The Last Phone Booth in Manhattan,"Beth Merlin, Danielle Modafferi","December 27, 2023",2023-12-27,No,Madeleine ORourke,,1,No,No
"The Questions That Matter Most: Reading, Writing, and the Exercise of Freedom",Jane Smiley,"December 20, 2023",2023-12-20,No,Madeleine ORourke,,1,No,No
The Hidden Beauty of the Microscopic World: What the tiniest forms of life can tells us about existence and our place in the universe,James Weiss,"December 19, 2023",2023-12-19,No,Madeleine ORourke,,1,No,No
Byzantium: The Surprising Life of a Medieval Empire,Judith Herrin,"December 18, 2023",2023-12-18,No,Madeleine ORourke,,1,No,No
Interstellar: The Search for Extraterrestrial Life and Our Future in the Stars,Avi Loeb,"December 18, 2023",2023-12-18,No,Madeleine ORourke,,1,No,No
Meet Me in Another Life: A Novel,Catriona Silvey,"December 18, 2023",2023-12-18,No,Madeleine ORourke,,1,No,No
Nothing Remains the Same: Rereading and Remembering,Wendy Lesser,"December 14, 2023",2023-12-14,No,Madeleine ORourke,,1,No,No
Burning the Sky: Operation Argus and the Untold Story of the Cold War Nuclear Tests in Outer Space,Mark Wolverton,"December 14, 2023",2023-12-14,No,Madeleine ORourke,,1,No,No
Literary Brooklyn: The Writers of Brooklyn and the Story of American City Life,Evan Hughes,"December 11, 2023",2023-12-11,No,Madeleine ORourke,,1,No,No
Release Your Inner Roman: A Treatise by Nobleman Marcus Sidonius Falx,Jerry Toner,"December 11, 2023",2023-12-11,No,Madeleine ORourke,,1,No,No
The Restless Clock: A History of the Centuries-Long Argument over What Makes Living Things Tick,Jessica Riskin,"December 4, 2023",2023-12-04,No,Madeleine ORourke,,1,No,No
The Story of America: Essays on Origins,Jill Lepore,"December 1, 2023",2023-12-01,No,Madeleine ORourke,,1,No,No
"Beautiful, Simple, Exact, Crazy: Mathematics in the Real World","Apoorva Khare, Anne Lachowska","November 28, 2023",2023-11-28,No,Madeleine ORourke,,1,No,No
"Built from the Fire: The Epic Story of Tulsa's Greenwood District, America's Black Wall Street",Victor Luckerson,"November 28, 2023",2023-11-28,No,Madeleine ORourke,,1,No,No
The Book of Bushido: The Complete Guide to Real Samurai Chivalry,Antony Cummins,"November 28, 2023",2023-11-28,No,Madeleine ORourke,,1,No,No
The Dream of the Great American Novel,Lawrence Buell,"November 23, 2023",2023-11-23,No,Madeleine ORourke,,1,No,No
"A History of the United States for Newcomers: Expand Your Knowledge, Boost Your Confidence, and Thrive in the USA",Charles Serocold,"November 22, 2023",2023-11-22,No,Madeleine ORourke,,1,Yes,No
"The Logic of Miracles: Making Sense of Rare, Really Rare, and Impossibly Rare Events","Laszlo Mero, David Kramer","November 22, 2023",2023-11-22,No,Madeleine ORourke,,1,No,No
James Beard's American Cookery,James Beard,"November 17, 2023",2023-11-17,No,Madeleine ORourke,,1,No,No
Phantoms on the Bookshelves,Jacques Bonnet,"November 16, 2023",2023-11-16,No,Madeleine ORourke,,1,No,No
The Theory of Everything Else: A Voyage Into the World of the Weird – A Hilarious Handbook of Mind-Boggling Mysteries,Dan Schreiber,"November 7, 2023",2023-11-07,No,Madeleine ORourke,,1,No,No
Same Time Next Year: A Novella,Tessa Bailey,"November 3, 2023",2023-11-03,No,Madeleine ORourke,,1,Yes,No
The Vinyl Frontier: The Story of NASA’s Interstellar Mixtape,Jonathan Scott,"October 28, 2023",2023-10-28,No,Madeleine ORourke,,1,No,No
Faster than Light: How Your Shadow Can Do It but You Can't,Robert J. Nemiroff,"October 17, 2023",2023-10-17,No,Madeleine ORourke,,1,No,No
The Pyrotechnic Insanitarium: American Culture on the Brink,Mark Dery,"October 9, 2023",2023-10-09,No,Madeleine ORourke,,1,No,No
"The Horse, the Wheel, and Language: How Bronze-Age Riders from the Eurasian Steppes Shaped the Modern World",David W. Anthony,"October 6, 2023",2023-10-06,No,Madeleine ORourke,,1,No,No
Street-Fighting Mathematics: The Art of Educated Guessing and Opportunistic Problem Solving,Sanjoy Mahajan,"October 3, 2023",2023-10-03,No,Madeleine ORourke,,1,No,No
The Reader's Companion to American History,"Eric Foner, John A. Garraty","October 2, 2023",2023-10-02,No,Madeleine ORourke,,1,No,No
Flying Dinosaurs: How Fearsome Reptiles Became Birds,John Pickrell,"September 29, 2023",2023-09-29,No,Madeleine ORourke,,1,No,No
The Witch's Lens: A Novel (The Order of the Seven Stars Book 1),Luanne G. Smith,"September 26, 2023",2023-09-26,No,Madeleine ORourke,,1,No,No
The Big Book of Cyberpunk,Jared Shurin,"September 25, 2023",2023-09-25,Yes,Madeleine ORourke,,1,No,No
Two Trains Leave Paris: Number Problems for Word People,"Taylor Frey, Mike Wesolowski","September 25, 2023",2023-09-25,No,Madeleine ORourke,,1,No,No
The Genesis Quest: The Geniuses and Eccentrics on a Journey to Uncover the Origin of Life on Earth,Michael Marshall,"September 25, 2023",2023-09-25,No,Madeleine ORourke,,1,No,No
Humankind: A Hopeful History,Rutger Bregman,"September 25, 2023",2023-09-25,No,Madeleine ORourke,,1,No,No
"Saveur: The New Classics Cookbook: More than 1,000 of the world's best recipes for today's kitchen",The Editors of Saveur Magazine,"September 20, 2023",2023-09-20,No,Madeleine ORourke,,1,No,No
The Eternal Frontier: An Ecological History of North America and Its Peoples,Tim Flannery,"September 18, 2023",2023-09-18,No,Madeleine ORourke,,1,No,No
Wetware: A Computer in Every Living Cell,Dennis Bray,"September 6, 2023",2023-09-06,No,Madeleine ORourke,,1,No,No
Blood Music,Greg Bear,"September 3, 2023",2023-09-03,No,Madeleine ORourke,,1,No,No
"The Beauty of Chemistry: Art, Wonder, and Science",Philip Ball,"August 25, 2023",2023-08-25,No,Madeleine ORourke,,1,No,No
Flavours of Greece,Rosemary Barron,"August 24, 2023",2023-08-24,No,Madeleine ORourke,,1,No,No
"Spices, Salt and Aromatics in the English Kitchen",Elizabeth David,"August 22, 2023",2023-08-22,No,Madeleine ORourke,,1,No,No
The Golden Ratio: The Divine Beauty of Mathematics,Gary B. Meisner,"August 18, 2023",2023-08-18,No,Madeleine ORourke,,1,No,No
Celestial Calculations: A Gentle Introduction to Computational Astronomy,J. L. Lawrence,"August 7, 2023",2023-08-07,No,Madeleine ORourke,,1,No,No
Young Men and Fire: Twenty-fifth Anniversary Edition,Norman MacLean,"August 4, 2023",2023-08-04,No,Madeleine ORourke,,1,No,No
"A Brief History of Artificial Intelligence: What It Is, Where We Are, and Where We Are Going",Michael Wooldridge,"August 4, 2023",2023-08-04,No,Madeleine ORourke,,1,No,No
Androne,Dwain Worrell,"August 4, 2023",2023-08-04,No,Madeleine ORourke,,1,No,No
Cosmic Banditos: The Cult Classic,A. C. Weisbecker,"August 2, 2023",2023-08-02,No,Madeleine ORourke,,1,No,No
"The Meat Cookbook: Know the Cuts, Master the Skills, over 250 Recipes",Nichola Fletcher,"July 31, 2023",2023-07-31,No,Madeleine ORourke,,1,No,No
Patterns in Nature: Why the Natural World Looks the Way It Does,Philip Ball,"July 27, 2023",2023-07-27,No,Madeleine ORourke,,1,No,No
"All the Knowledge in the World: The Extraordinary History of the Encyclopedia – From Ancient Greece to Wikipedia: Revealing Britannica, Einstein, and the Human Quest",Simon Garfield,"July 26, 2023",2023-07-26,No,Madeleine ORourke,,1,No,No
Asymmetry: A Novel,Lisa Halliday,"July 26, 2023",2023-07-26,No,Madeleine ORourke,,1,No,No
Nonsense on Stilts: How to Tell Science from Bunk,Massimo Pigliucci,"July 21, 2023",2023-07-21,No,Madeleine ORourke,,1,No,No
"The Math Book: From Pythagoras to the 57th Dimension, 250 Milestones in the History of Mathematics (Union Square & Co. Milestones)",Clifford A. Pickover,"July 19, 2023",2023-07-19,No,Madeleine ORourke,,1,No,No
"The American Home Front, 1941–1942",Alistair Cooke,"July 18, 2023",2023-07-18,No,Madeleine ORourke,,1,No,No
"Masala: Recipes from India, the Land of Spices [A Cookbook]",Anita Jaisinghani,"July 18, 2023",2023-07-18,No,Madeleine ORourke,,1,No,No
Humane: How the United States Abandoned Peace and Reinvented War,Samuel Moyn,"July 18, 2023",2023-07-18,No,Madeleine ORourke,,1,No,No
"Mapping Mars: Science, Imagination, and the Birth of a World",Oliver Morton,"July 18, 2023",2023-07-18,No,Madeleine ORourke,,1,No,No
King Arthur: The Making of the Legend,Nicholas J. Higham,"July 15, 2023",2023-07-15,No,Madeleine ORourke,,1,No,No
Drive (DK Definitive Visual Histories),DK,"July 7, 2023",2023-07-07,No,Madeleine ORourke,,1,No,No
The Magic of My Youth: A lavish memoir of 1920s London,Arthur Calder-Marshall,"July 5, 2023",2023-07-05,No,Madeleine ORourke,,1,No,No
A New Map of Wonders: A Journey in Search of Modern Marvels,Caspar Henderson,"July 5, 2023",2023-07-05,No,Madeleine ORourke,,1,No,No
Gut Feelings: The Microbiome and Our Health,"Alessio Fasano, Susie Flaherty","July 3, 2023",2023-07-03,No,Madeleine ORourke,,1,No,No
Legion of the Lost: The true experience of an American in the French Foreign Legion,Jaime Salazar,"July 2, 2023",2023-07-02,No,Madeleine ORourke,,1,No,No
Big History: From the Big Bang to the Present,Cynthia Stokes Brown,"June 25, 2023",2023-06-25,No,Madeleine ORourke,,1,Yes,No
Origins: How Earth's History Shaped Human History,Lewis Dartnell,"June 25, 2023",2023-06-25,No,Madeleine ORourke,,1,No,No
Alice,Eva Hanagan,"June 14, 2023",2023-06-14,No,Madeleine ORourke,,1,No,No
"Stony the Road: Reconstruction, White Supremacy, and the Rise of Jim Crow",Henry Louis Gates Jr.,"June 13, 2023",2023-06-13,No,Madeleine ORourke,,1,No,No
Big History,DK,"June 13, 2023",2023-06-13,No,Madeleine ORourke,,1,No,No
King Arthur: The dream of a golden age (The Geoffrey Ashe Histories),Geoffrey Ashe,"June 8, 2023",2023-06-08,No,Madeleine ORourke,,1,No,No
The Nineties: A Book,Chuck Klosterman,"June 7, 2023",2023-06-07,No,Madeleine ORourke,,1,No,No
The Very Secret Sex Lives of Medieval Women,Rosalie Gilbert,"June 7, 2023",2023-06-07,No,Madeleine ORourke,,1,No,No
Nature's Mutiny: How the Little Ice Age of the Long Seventeenth Century Transformed the West and Shaped the Present,Philipp Blom,"June 5, 2023",2023-06-05,No,Madeleine ORourke,,1,No,No
This America: The Case for the Nation,Jill Lepore,"June 2, 2023",2023-06-02,No,Madeleine ORourke,,1,No,No
The Monks Of War: The military religious orders,Desmond Seward,"May 31, 2023",2023-05-31,No,Madeleine ORourke,,1,No,No
"The Fate of Rome: Climate, Disease, and the End of an Empire (The Princeton History of the Ancient World Book 2)",Kyle Harper,"May 31, 2023",2023-05-31,No,Madeleine ORourke,,1,No,No
"Evolution in Four Dimensions, revised edition: Genetic, Epigenetic, Behavioral, and Symbolic Variation in the History of Life (Life and Mind: Philosophical Issues in Biology and Psychology)","Eva Jablonka, Marion J. Lamb","May 26, 2023",2023-05-26,No,Madeleine ORourke,,1,No,No
Simple Pasta: Pasta Made Easy. Life Made Better. [A Cookbook],Odette Williams,"May 23, 2023",2023-05-23,No,Madeleine ORourke,,1,No,No
The Delusions of Crowds: Why People Go Mad in Groups,William J. Bernstein,"May 23, 2023",2023-05-23,No,Madeleine ORourke,,1,No,No
"American History Through a Whiskey Glass: How Distilled Spirits, Domestic Cuisine, and Popular Music Helped Shape a Nation",Harris Cooper Ph.D.,"May 18, 2023",2023-05-18,No,Madeleine ORourke,,1,No,No
"The Vanished: The ""Evaporated People"" of Japan in Stories and Photographs",Léna Mauger,"May 16, 2023",2023-05-16,No,Madeleine ORourke,,1,No,No
A New Grand Tour: How Europe's Great Cities Made Our World,Godfrey Hodgson,"May 16, 2023",2023-05-16,No,Madeleine ORourke,,1,No,No
The Secret Life of Groceries: The Dark Miracle of the American Supermarket,Benjamin Lorr,"May 15, 2023",2023-05-15,No,Madeleine ORourke,,1,No,No
Letter Perfect: The Marvelous History of Our Alphabet From A to Z,David Sacks,"May 15, 2023",2023-05-15,No,Madeleine ORourke,,1,No,No
Unsettled Ground: The Whitman Massacre and Its Shifting Legacy in the American West,Cassandra Tate,"May 15, 2023",2023-05-15,No,Madeleine ORourke,,1,No,No
Death by Petticoat: American History Myths Debunked,Mary Miley Theobald,"May 15, 2023",2023-05-15,No,Madeleine ORourke,,1,No,No
The Alchemy of Us: How Humans and Matter Transformed One Another,Ainissa Ramirez,"May 12, 2023",2023-05-12,No,Madeleine ORourke,,1,No,No
"The Tree Book: The Stories, Science, and History of Trees",DK,"May 11, 2023",2023-05-11,No,Madeleine ORourke,,1,No,No
Pasta Modern: New & Inspired Recipes from Italy,Francine Segan,"May 9, 2023",2023-05-09,No,Madeleine ORourke,,1,No,No
Meat: A Kitchen Education [A Cookbook],James Peterson,"May 8, 2023",2023-05-08,No,Madeleine ORourke,,1,No,No
Invisible: The Dangerous Allure of the Unseen,Philip Ball,"May 8, 2023",2023-05-08,No,Madeleine ORourke,,1,No,No
The Managerial Revolution: What is Happening in the World,James Burnham,"May 7, 2023",2023-05-07,No,Madeleine ORourke,,1,Yes,No
A Brief History of the Future,Oona Strathern,"May 6, 2023",2023-05-06,No,Madeleine ORourke,,1,No,No
The Elusive Shift: How Role-Playing Games Forged Their Identity (Game Histories),Jon Peterson,"May 5, 2023",2023-05-05,No,Madeleine ORourke,,1,No,No
Game Wizards: The Epic Battle for Dungeons & Dragons (Game Histories),Jon Peterson,"May 5, 2023",2023-05-05,Yes,Madeleine ORourke,,1,No,No
The Candy House: A Novel,Jennifer Egan,"May 5, 2023",2023-05-05,No,Madeleine ORourke,,1,No,No
"A History of the World Through Body Parts: The Stories Behind the Organs, Appendages, Digits, and the Like Attached to (or Detached from) Famous Bodies","Kathy Petras, Ross Petras","May 5, 2023",2023-05-05,No,Madeleine ORourke,,1,No,No
Library: An Unquiet History,Matthew Battles,"May 5, 2023",2023-05-05,No,Madeleine ORourke,,1,No,No
How to Survive in Ancient Egypt,Charlotte Booth,"May 5, 2023",2023-05-05,No,Madeleine ORourke,,1,No,No
"Cosmological Enigmas: Pulsars, Quasars, & Other Deep-Space Questions",Mark Kidger,"May 5, 2023",2023-05-05,No,Madeleine ORourke,,1,No,No
The Magnificent Evan,Ian Skidmore,"May 3, 2023",2023-05-03,No,Madeleine ORourke,,1,No,No
100 Cats Who Changed Civilization: History's Most Influential Felines,Sam Stall,"May 1, 2023",2023-05-01,No,Madeleine ORourke,,1,No,No
"The Enlightenment: The Pursuit of Happiness, 1680-1790",Ritchie Robertson,"May 1, 2023",2023-05-01,No,Madeleine ORourke,,1,No,No
"Maphead: Charting the Wide, Weird World of Geography Wonks",Ken Jennings,"April 28, 2023",2023-04-28,No,Madeleine ORourke,,1,Yes,No
"Mastering the Art of French Cooking, Volume 1: A Cookbook","Julia Child, Louisette Bertholle, Simone Beck","April 28, 2023",2023-04-28,No,Madeleine ORourke,,1,No,No
"Six California Kitchens: A Collection of Recipes, Stories, and Cooking Lessons from a Pioneer of California Cuisine",Sally Schmitt,"April 25, 2023",2023-04-25,No,Madeleine ORourke,,1,No,No
From the Forest: A Search for the Hidden Roots of our Fairytales,Sara Maitland,"April 24, 2023",2023-04-24,No,Madeleine ORourke,,1,No,No
The Best American Short Stories 2022,"Andrew Sean Greer, Heidi Pitlor","April 21, 2023",2023-04-21,No,Madeleine ORourke,,1,No,No
Aircraft: The Definitive Visual History (DK Definitive Transport Guides),DK,"April 21, 2023",2023-04-21,No,Madeleine ORourke,,1,No,No
"The Privilege of Play: A History of Hobby Games, Race, and Geek Culture (Postmillennial Pop)",Aaron Trammell,"April 20, 2023",2023-04-20,Yes,Madeleine ORourke,,1,No,No
Anything Goes: A Biography of the Roaring Twenties,Lucy Moore,"April 19, 2023",2023-04-19,No,Madeleine ORourke,,1,No,No
Reveille in Washington: 1860-1865 (New York Review Books Classics),Margaret Leech,"April 18, 2023",2023-04-18,No,Madeleine ORourke,,1,No,No
Cold War Secret Nuclear Bunkers: The Passive Defence of the Western World During the Cold War,Nick McCamley,"April 14, 2023",2023-04-14,No,Madeleine ORourke,,1,No,No
Love in the Time of Cholera (Vintage International),Gabriel GarcÍA MÁRquez,"April 14, 2023",2023-04-14,No,Madeleine ORourke,,1,No,No
Hav (New York Review Books Classics),Jan Morris,"April 13, 2023",2023-04-13,No,Madeleine ORourke,,1,No,No
The Course of History: Ten Meals That Changed the World,"Struan Stevenson, Tony Singh","April 13, 2023",2023-04-13,No,Madeleine ORourke,,1,No,No
"Electric Pressure Cooker Curry Cookbook: 75 Recipes From India, Thailand, the Caribbean, and Beyond",Aneesha Gupta,"April 12, 2023",2023-04-12,No,Madeleine ORourke,,1,No,No
Artificial Intelligence: Confronting the Revolution,"James Adams, Richard Kletter","April 10, 2023",2023-04-10,No,Madeleine ORourke,,1,No,No
The Spacetime Pool,Catherine Asaro,"April 7, 2023",2023-04-07,No,Madeleine ORourke,,1,No,No
Eternal Life: A Novel,Dara Horn,"April 7, 2023",2023-04-07,No,Madeleine ORourke,,1,No,No
"The Trolley Problem, or Would You Throw the Fat Guy Off the Bridge?: A Philosophical Conundrum",Thomas Cathcart,"April 7, 2023",2023-04-07,Yes,Madeleine ORourke,,1,No,No
Bookmarked: Reading My Way from Hollywood to Brooklyn,Wendy W. Fairey,"April 5, 2023",2023-04-05,No,Madeleine ORourke,,1,No,No
Chief Seattle and the Town That Took His Name: The Change of Worlds for the Native People and Settlers on Puget Sound,David M. Buerge,"April 5, 2023",2023-04-05,No,Madeleine ORourke,,1,No,No
Galileo's Telescope: A European Story,"Massimo Bucciantini, Michele Camerota, Franco Giudice","April 4, 2023",2023-04-04,No,Madeleine ORourke,,1,No,No
The Atheist's Bible: The Most Dangerous Book That Never Existed,Georges Minois,"April 2, 2023",2023-04-02,No,Madeleine ORourke,,1,No,No
"The Gun, the Ship, and the Pen: Warfare, Constitutions, and the Making of the Modern World",Linda Colley,"April 2, 2023",2023-04-02,No,Madeleine ORourke,,1,No,No
Here on Earth: A Natural History of the Planet,Tim Flannery,"March 31, 2023",2023-03-31,No,Madeleine ORourke,,1,No,No
"Born in Blackness: Africa, Africans, and the Making of the Modern World, 1471 to the Second World War",Howard W. French,"March 27, 2023",2023-03-27,No,Madeleine ORourke,,1,No,No
"Neighboring Faiths: Christianity, Islam, and Judaism in the Middle Ages and Today",David Nirenberg,"March 24, 2023",2023-03-24,No,Madeleine ORourke,,1,No,No
Knickers in a Twist: A Dictionary of British Slang,Jonathan Bernstein,"March 20, 2023",2023-03-20,No,Madeleine ORourke,,1,No,No
The Cabinet of Linguistic Curiosities: A Yearbook of Forgotten Words,Paul Anthony Jones,"March 17, 2023",2023-03-17,No,Madeleine ORourke,,1,No,No
The Next 500 Years: Engineering Life to Reach New Worlds,Christopher E. Mason,"March 17, 2023",2023-03-17,No,Madeleine ORourke,,1,No,No
How to Read Water: Clues and Patterns from Puddles to the Sea (Natural Navigation),Tristan Gooley,"March 15, 2023",2023-03-15,No,Madeleine ORourke,,1,No,No
Attrition: The Great War on the Western Front – 1916,Robin Neillands,"March 11, 2023",2023-03-11,No,Madeleine ORourke,,1,No,No
Earth's Deep History: How It Was Discovered and Why It Matters,Martin J. S. Rudwick,"March 10, 2023",2023-03-10,No,Madeleine ORourke,,1,No,No
Quantum Legacies: Dispatches from an Uncertain World,David Kaiser,"March 7, 2023",2023-03-07,No,Madeleine ORourke,,1,No,No
The Ingenious Language: Nine Epic Reasons to Love Greek,Andrea Marcolongo,"March 7, 2023",2023-03-07,No,Madeleine ORourke,,1,No,No
The Kaiser: War Lord of the Second Reich,Alan Palmer,"March 4, 2023",2023-03-04,No,Madeleine ORourke,,1,No,No
A Heart So White (Vintage International),Javier Marías,"March 3, 2023",2023-03-03,No,Madeleine ORourke,,1,No,No
Computing: A Concise History (The MIT Press Essential Knowledge series),Paul E. Ceruzzi,"March 3, 2023",2023-03-03,Yes,Madeleine ORourke,,1,No,No
The Book of Barely Imagined Beings: A 21st Century Bestiary,Caspar Henderson,"March 1, 2023",2023-03-01,No,Madeleine ORourke,,1,No,No
James Herbert: Devil in the Dark,Craig Cabell,"March 1, 2023",2023-03-01,No,Madeleine ORourke,,1,No,No
The Limits of Love,Frederic Raphael,"February 27, 2023",2023-02-27,No,Madeleine ORourke,,1,No,No
Systemic Racism 101: A Visual History of the Impact of Racism in America,"Living Cities, Aminah Pilgrim","February 22, 2023",2023-02-22,No,Madeleine ORourke,,1,No,No
The Healing Soup Cookbook: Hearty Recipes to Boost Immunity and Restore Health,"Cara Harbstreet MS RD LD, Julie Harrington RD","February 21, 2023",2023-02-21,No,Madeleine ORourke,,1,No,No
"The Physics Book: From the Big Bang to Quantum Resurrection, 250 Milestones in the History of Physics (Union Square & Co. Milestones)",Clifford A. Pickover,"February 21, 2023",2023-02-21,No,Madeleine ORourke,,1,No,No
Smart Until It's Dumb: Why artificial intelligence keeps making epic mistakes (and why the AI bubble will burst),Emmanuel Maggiori,"February 21, 2023",2023-02-21,Yes,Madeleine ORourke,,1,No,No
How to Survive in Ancient Rome,L. J. Trafford,"February 20, 2023",2023-02-20,No,Madeleine ORourke,,1,No,No
The Mind of the Mathematician,"Michael Fitzgerald, Ioan James","February 20, 2023",2023-02-20,No,Madeleine ORourke,,1,No,No
India: A History,John Keay,"February 18, 2023",2023-02-18,No,Madeleine ORourke,,1,No,No
Absolute Zero and the Conquest of Cold,Tom Shachtman,"February 17, 2023",2023-02-17,No,Madeleine ORourke,,1,No,No
"Secret Armies: The full story of the SAS, Delta Force and Spetsnaz",James Adams,"February 13, 2023",2023-02-13,No,Madeleine ORourke,,1,No,No
The Writing of Fiction: The Classic Guide to the Art of the Short Story and the Novel,Edith Wharton,"February 10, 2023",2023-02-10,No,Madeleine ORourke,,1,No,No
History of the World in 1000 Objects,DK,"February 9, 2023",2023-02-09,No,Madeleine ORourke,,1,No,No
Kitchen Mysteries: Revealing the Science of Cooking (Arts and Traditions of the Table Perspectives on Culinary History),Hervé This,"February 8, 2023",2023-02-08,No,Madeleine ORourke,,1,No,No
Jane Austen and Names,Maggie Lane,"February 2, 2023",2023-02-02,No,Madeleine ORourke,,1,No,No
"Sharp: The Definitive Introduction to Knives, Sharpening, and Cutting Techniques, with Recipes from Great Chefs",Josh Donald,"February 1, 2023",2023-02-01,No,Madeleine ORourke,,1,No,No
Mastering Knife Skills: The Essential Guide to the Most Important Tools in Your Kitchen,Norman Weinstein,"February 1, 2023",2023-02-01,No,Madeleine ORourke,,1,No,No
Frederick the Great,Nancy Mitford,"January 31, 2023",2023-01-31,No,Madeleine ORourke,,1,No,No
Indian Instant Pot® Cookbook: Traditional Indian Dishes Made Easy and Fast,Urvashi Pitre,"January 29, 2023",2023-01-29,No,Madeleine ORourke,,1,No,No
"Broken Icarus: The 1933 Chicago World's Fair, the Golden Age of Aviation, and the Rise of Fascism",David Hanna author of Rendezvous with,"January 29, 2023",2023-01-29,No,Madeleine ORourke,,1,No,No
Why Read the Classics?,Italo Calvino,"January 27, 2023",2023-01-27,No,Madeleine ORourke,,1,No,No
The Human Planet: How We Created the Anthropocene,"Simon L. Lewis, Mark A. Maslin","January 27, 2023",2023-01-27,No,Madeleine ORourke,,1,No,No
Tales of Old Earth: Stories,Michael Swanwick,"January 27, 2023",2023-01-27,No,Madeleine ORourke,,1,No,No
"Naked Statues, Fat Gladiators, and War Elephants: Frequently Asked Questions about the Ancient Greeks and Romans",Garrett Ryan,"January 25, 2023",2023-01-25,No,Madeleine ORourke,,1,No,No
The Heavens: A Novel,Sandra Newman,"January 22, 2023",2023-01-22,No,Madeleine ORourke,,1,No,No
Under Another Sky: Journeys in Roman Britain,Charlotte Higgins,"January 21, 2023",2023-01-21,No,Madeleine ORourke,,1,No,No
Spetsnaz: The Inside Story of the Soviet Special Forces,Viktor Suvorov,"January 20, 2023",2023-01-20,No,Madeleine ORourke,,1,No,No
Granada Window,Marguerite Steen,"January 20, 2023",2023-01-20,No,Madeleine ORourke,,1,No,No
Whiskypedia: A Compendium of Scotch Whisky,Charles MacLean,"January 19, 2023",2023-01-19,No,Madeleine ORourke,,1,No,No
"Robert's Rules of Writing, Second Edition: 111 Unconventional Lessons That Every Writer Needs to Know",Robert Masello,"January 18, 2023",2023-01-18,No,Madeleine ORourke,,1,No,No
"The Big Picture: On the Origins of Life, Meaning, and the Universe Itself",Sean M. Carroll,"January 17, 2023",2023-01-17,No,Madeleine ORourke,,1,No,No
"Geons, Black Holes, and Quantum Foam: A Life in Physics",John Archibald Wheeler,"January 16, 2023",2023-01-16,No,Madeleine ORourke,,1,No,No
Changing Planes: PEN/Malamud Award-Winning Literary Short Stories – Satirical Feminist SFF,Ursula K. Le Guin,"January 16, 2023",2023-01-16,No,Madeleine ORourke,,1,No,No
"The Invention of Yesterday: A 50,000-Year History of Human Culture, Conflict, and Connection",Tamim Ansary,"January 15, 2023",2023-01-15,No,Madeleine ORourke,,1,No,No
Benjamin Franklin in London: The British Life of America's Founding Father (The Lewis Walpole Series in Eighteenth-Century Culture and History),George Goodwin,"January 11, 2023",2023-01-11,No,Madeleine ORourke,,1,No,No
The Book of Science and Antiquities: A Novel,Thomas Keneally,"January 11, 2023",2023-01-11,No,Madeleine ORourke,,1,No,No
Royal Betrayal: The Great Baccarat Scandal of 1890,Michael Scott,"January 10, 2023",2023-01-10,No,Madeleine ORourke,,1,No,No
Excommunicated from the Union: How the Civil War Created a Separate Catholic America (The North's Civil War),William B. Kurtz,"January 6, 2023",2023-01-06,No,Madeleine ORourke,,1,No,No
"For the Love of Books: Stories of Literary Lives, Banned Books, Author Feuds, Extraordinary Characters, and More",Graham Tarrant,"January 5, 2023",2023-01-05,No,Madeleine ORourke,,1,No,No
Maps and Legends: Reading and Writing Along the Borderlands,Michael Chabon,"January 3, 2023",2023-01-03,No,Madeleine ORourke,,1,No,No
"2001 between Kubrick and Clarke: The Genesis, Making and Authorship of a Masterpiece","Filippo Ulivieri, Simone Odino","January 3, 2023",2023-01-03,No,Madeleine ORourke,,1,No,No
The Knowledge Machine: How Irrationality Created Modern Science,Michael Strevens,"January 3, 2023",2023-01-03,No,Madeleine ORourke,,1,No,No
Comeuppance Served Cold,Marion Deeds,"January 2, 2023",2023-01-02,No,Madeleine ORourke,,1,No,Yes
Parish Boundaries: The Catholic Encounter with Race in the Twentieth-Century Urban North (Historical Studies of Urban America),John T. McGreevy,"January 2, 2023",2023-01-02,No,Madeleine ORourke,,1,No,No
Stranger Than We Can Imagine: Making Sense of the Twentieth Century,John Higgs,"December 31, 2022",2022-12-31,Yes,Madeleine ORourke,,2,No,No
Mapping the Heavens: The Radical Scientific Ideas That Reveal the Cosmos,Priyamvada Natarajan,"December 30, 2022",2022-12-30,No,Madeleine ORourke,,1,No,No
Jack Tars and Commodores: The American Navy 1783-1815,William M Fowler,"December 28, 2022",2022-12-28,No,Madeleine ORourke,,1,No,No
Living in Medieval England: The Turbulent Year of 1326,Kathryn Warner,"December 24, 2022",2022-12-24,No,Madeleine ORourke,,1,No,No
"Silver Birch, Blood Moon (Fairy Tale Anthologies Book 5)","Ellen Datlow, Terri Windling","December 24, 2022",2022-12-24,No,Madeleine ORourke,,1,No,No
The Reader Over Your Shoulder: A Handbook for Writers of English Prose,"Robert Graves, Alan Hodge","December 21, 2022",2022-12-21,No,Madeleine ORourke,,1,No,No
Thermopylae: The Battle That Changed the World,Paul Cartledge,"December 20, 2022",2022-12-20,No,Madeleine ORourke,,2,No,No
Appetites: A Cookbook,"Anthony Bourdain, Laurie Woolever","December 18, 2022",2022-12-18,No,Madeleine ORourke,,1,No,No
Midlife: A Philosophical Guide,Kieran Setiya,"December 17, 2022",2022-12-17,Yes,Madeleine ORourke,,1,No,No
The Western Front Companion,Mark Adkin,"December 13, 2022",2022-12-13,No,Madeleine ORourke,,1,No,No
Cascadia's Fault: The Coming Earthquake and Tsunami that Could Devastate North America,Jerry Thompson,"December 13, 2022",2022-12-13,No,Madeleine ORourke,,1,No,No
Ursula K. Le Guin: The Complete Orsinia (LOA #281): Malafrena / Stories and Songs (Library of America Ursula K. Le Guin Edition Book 1),"Ursula K. Le Guin, Brian Attebery","December 13, 2022",2022-12-13,No,Madeleine ORourke,,1,No,No
Out of the East: Spices and the Medieval Imagination,Paul Freedman,"December 13, 2022",2022-12-13,No,Madeleine ORourke,,1,No,No
The Long Space Age: The Economic Origins of Space Exploration from Colonial America to the Cold War,Alexander MacDonald,"December 13, 2022",2022-12-13,No,Madeleine ORourke,,1,No,No
The Book of Lost Books: An Incomplete History of All the Great Books You'll Never Read,Stuart Kelly,"December 13, 2022",2022-12-13,No,Madeleine ORourke,,1,No,No
Memoirs of a Space Traveler: Further Reminiscences of Ijon Tichy,Stanislaw Lem,"December 9, 2022",2022-12-09,No,Madeleine ORourke,,1,No,No
"Black Heart, Ivory Bones (Fairy Tale Anthologies Book 6)","Ellen Datlow, Terri Windling","December 9, 2022",2022-12-09,No,Madeleine ORourke,,1,No,No
"Black Swan, White Raven (Fairy Tale Anthologies Book 4)","Ellen Datlow, Terri Windling","December 9, 2022",2022-12-09,No,Madeleine ORourke,,1,No,No
"Ruby Slippers, Golden Tears (Fairy Tale Anthologies Book 3)","Ellen Datlow, Terri Windling","December 9, 2022",2022-12-09,No,Madeleine ORourke,,1,No,No
DNR On the Narrow Road to the Deep North,Lesley Downer,"December 8, 2022",2022-12-08,No,Madeleine ORourke,,1,No,No
Election,Tom Perrotta,"December 6, 2022",2022-12-06,No,Madeleine ORourke,,1,No,No
The Fantasy Factor,Peter Dally,"December 4, 2022",2022-12-04,No,Madeleine ORourke,,1,No,No
Underworld: A Novel,Don DeLillo,"December 2, 2022",2022-12-02,No,Madeleine ORourke,,1,No,No
Plato and a Platypus Walk Into a Bar...: Understanding Philosophy Through Jokes,"Thomas Cathcart, Daniel Klein","December 2, 2022",2022-12-02,No,Madeleine ORourke,,1,Yes,No
Chocky,John Wyndham,"November 30, 2022",2022-11-30,No,Madeleine ORourke,,1,No,No
The Higher They Fly,Christopher Hodder-Williams,"November 30, 2022",2022-11-30,No,Madeleine ORourke,,1,No,No
Salt: A World History,Mark Kurlansky,"November 27, 2022",2022-11-27,No,Madeleine ORourke,,1,No,No
"Jack: The scandalous biography of popular American writer, Jack London",Andrew Sinclair,"November 27, 2022",2022-11-27,No,Madeleine ORourke,,1,No,No
Introducing Epigenetics: A Graphic Guide (Graphic Guides Book 0),Cath Ennis,"November 27, 2022",2022-11-27,Yes,Madeleine ORourke,,1,No,No
Keep the Home Guard Turning,Compton Mackenzie,"November 27, 2022",2022-11-27,No,Madeleine ORourke,,1,No,No
Woe Is I: The Grammarphobe's Guide to Better English in Plain English (Fourth Edition),Patricia T. O'Conner,"November 26, 2022",2022-11-26,No,Madeleine ORourke,,1,No,No
Great Cities: Their History and Culture (DK History Changers),DK,"November 26, 2022",2022-11-26,No,Madeleine ORourke,,1,No,No
On Food and Cooking: The Science and Lore of the Kitchen,Harold McGee,"November 26, 2022",2022-11-26,No,Madeleine ORourke,,1,No,No
Ancient Egypt: The Definitive Visual History (DK Classic History),DK,"November 25, 2022",2022-11-25,No,Madeleine ORourke,,1,No,No
World War I and America: Told By the Americans Who Lived It (LOA #289) (Library of America (Hardcover)),A. Scott Berg,"November 25, 2022",2022-11-25,No,Madeleine ORourke,,1,No,No
"Weird Life: The Search for Life That Is Very, Very Different from Our Own",David Toomey,"November 25, 2022",2022-11-25,No,Madeleine ORourke,,1,No,No
The Last Englishman,Hebe Weenolsen,"November 22, 2022",2022-11-22,No,Madeleine ORourke,,1,No,No
Inside Jokes: Using Humor to Reverse-Engineer the Mind,"Matthew M. Hurley, Daniel C. Dennett, Reginald B. Adams Jr.","November 18, 2022",2022-11-18,No,Madeleine ORourke,,1,No,No
Neurogastronomy: How the Brain Creates Flavor and Why It Matters,Gordon M. Shepherd,"November 18, 2022",2022-11-18,No,Madeleine ORourke,,1,No,No
The Ancient Guide to Modern Life,Natalie Haynes,"November 18, 2022",2022-11-18,No,Madeleine ORourke,,1,No,No
Sleepside: The Collected Fantasies,Greg Bear,"November 17, 2022",2022-11-17,No,Madeleine ORourke,,1,No,No
Consciousness: Confessions of a Romantic Reductionist,Christof Koch,"November 15, 2022",2022-11-15,No,Madeleine ORourke,,1,No,No
"88 Names: A Suspenseful Technothriller – Virtual Reality, Espionage, and No Reset Button",Matt Ruff,"November 10, 2022",2022-11-10,No,Madeleine ORourke,,1,No,No
The Long Farewell: A history of the first migrations to Australia,Don Charlwood,"November 10, 2022",2022-11-10,No,Madeleine ORourke,,1,No,No
The Want Makers: The world of advertising: how they make you buy,Eric Clark,"November 9, 2022",2022-11-09,No,Madeleine ORourke,,1,No,No
The First World War,John Keegan,"November 8, 2022",2022-11-08,No,Madeleine ORourke,,1,No,No
1177 B.C.: The Year Civilization Collapsed: Revised and Updated (Turning Points in Ancient History Book 6),Eric H. Cline,"November 6, 2022",2022-11-06,No,Madeleine ORourke,,1,No,No
Master Presidential History in 1 Minute a Day,Dan Roberts,"November 5, 2022",2022-11-05,No,Madeleine ORourke,,1,No,No
Kids' Stuff,Henry Sutton,"November 4, 2022",2022-11-04,No,Madeleine ORourke,,1,No,No
Military Heritage of America,"R. Ernest Dupuy, Trevor Nevitt Dupuy","November 3, 2022",2022-11-03,No,Madeleine ORourke,,1,No,No
"The Visioneers: How a Group of Elite Scientists Pursued Space Colonies, Nanotechnologies, and a Limitless Future",W. Patrick McCray,"November 1, 2022",2022-11-01,No,Madeleine ORourke,,1,No,No
Escape Velocity: Cyberculture at the End of the Century,Mark Dery,"November 1, 2022",2022-11-01,No,Madeleine ORourke,,1,No,No
Einstein's Refrigerator: And Other Stories from the Flip Side of History,Steve Silverman,"November 1, 2022",2022-11-01,No,Madeleine ORourke,,1,No,No
The Stuff of Thought: Language as a Window into Human Nature,Steven Pinker,"November 1, 2022",2022-11-01,No,Madeleine ORourke,,1,No,No
Crows: Encounters with the Wise Guys of the Avian World,Candace Savage,"October 29, 2022",2022-10-29,No,Madeleine ORourke,,1,No,No
Whose Middle Ages?: Teachable Moments for an Ill-Used Past (Fordham Series in Medieval Studies),"Andrew Albin, Mary C. Erler, Thomas O'Donnell, Nicholas L. Paul, Nina Rowe","October 29, 2022",2022-10-29,No,Madeleine ORourke,,1,No,No
The Bookshop of the World: Making and Trading Books in the Dutch Golden Age,"Andrew Pettegree, Arthur der Weduwen","October 28, 2022",2022-10-28,No,Madeleine ORourke,,1,No,No
"A Series of Fortunate Events: Chance and the Making of the Planet, Life, and You",Sean B. Carroll,"October 28, 2022",2022-10-28,No,Madeleine ORourke,,1,No,No
"A History of Magic, Witchcraft, and the Occult (Esoteric Histories)",DK,"October 28, 2022",2022-10-28,No,Madeleine ORourke,,1,No,No
Digital Apollo: Human and Machine in Spaceflight,David A. Mindell,"October 28, 2022",2022-10-28,No,Madeleine ORourke,,1,No,No
The Wind's Twelve Quarters: Literary Short Stories from the Classic Sci-Fi Author,Ursula K. Le Guin,"October 18, 2022",2022-10-18,No,Madeleine ORourke,,1,No,No
Locomotion: The Railway Revolution,Nicholas Faith,"October 16, 2022",2022-10-16,No,Madeleine ORourke,,1,No,No
"The Great Indoors: The Surprising Science of How Buildings Shape Our Behavior, Health, and Happiness",Emily Anthes,"October 1, 2022",2022-10-01,No,Madeleine ORourke,,1,No,No
Gallipoli 1915,Tim Travers,"October 1, 2022",2022-10-01,No,,,1,No,No
The First Thousand Years: A Global History of Christianity,Robert Louis Wilken,"September 27, 2022",2022-09-27,No,,,1,No,No
The Battle of the Somme,A. A. G. Whitehead,"September 17, 2022",2022-09-17,No,,,1,No,No
The Bomber War: Arthur Harris and the Allied Bomber Offensive 1939-1945,Robin Neillands,"September 17, 2022",2022-09-17,No,,,1,No,No
The China Voyage,Tim Severin,"August 28, 2022",2022-08-28,No,,,1,No,No
A Crack in the Edge of the World: The Great American Earthquake of 1906,Simon Winchester,"August 13, 2022",2022-08-13,No,,,1,No,No
Bull's Eye: The Assassination and Life of Supergun Inventor Gerald Bull,James Adams,"August 6, 2022",2022-08-06,No,,,1,No,No
Storyland: A New Mythology of Britain,Amy Jeffs,"August 6, 2022",2022-08-06,No,,,1,No,No
The Glass Hotel: The haunting novel from the bestselling author of Station Eleven,Emily St John Mandel,"August 5, 2022",2022-08-05,No,,,1,No,No
Age Proof: The New Science of Living a Longer and Healthier Life The No 1 International Bestseller,Professor Rose Anne Kenny,"August 4, 2022",2022-08-04,No,,,1,No,No
The Precipice: ‘A book that seems made for the present moment’ New Yorker,Toby Ord,"August 4, 2022",2022-08-04,No,,,1,No,No
Lest We Forget: A Concise Companion to the First World War,Stephen Liddell,"July 29, 2022",2022-07-29,No,,,1,No,No
Blackshirt: Sir Oswald Mosley and British Fascism,Stephen Dorril,"July 23, 2022",2022-07-23,No,,,1,No,No
A Twist of the Knife: A Novel (Brigid Quinn Series Book 3),Becky Masterman,"May 9, 2019",2019-05-09,No,,Madeleine ORourke,0,No,No
November Road: An Anthony Award-Winning Noir Set Against the JFK Assassination – A Mob Hitman and Housewife Find Love on a Road Trip Across 1960s America,Lou Berney,"January 17, 2019",2019-01-17,No,,Madeleine ORourke,0,No,No
A Three Dog Life,Abigail Thomas,"August 28, 2018",2018-08-28,No,,Madeleine ORourke,0,No,No
"Under a Dark Sky: A Terrifying Psychological Thriller Where a Widow Confronts Secrets, Murder, and Ruthless Deception",Lori Rader-Day,"August 8, 2018",2018-08-08,No,,Madeleine ORourke,0,No,No
Priestdaddy: A Memoir,Patricia Lockwood,"June 8, 2018",2018-06-08,No,,Madeleine ORourke,0,No,No
The Only Story: A novel,Julian Barnes,"April 21, 2018",2018-04-21,No,,Madeleine ORourke,0,No,No
Small Great Things: A Novel,Jodi Picoult,"January 17, 2018",2018-01-17,No,,Madeleine ORourke,0,Yes,No
Mrs. Fletcher: A Novel,Tom Perrotta,"August 29, 2017",2017-08-29,No,,Madeleine ORourke,0,Yes,No
"The Silent Twin: A dark, gripping detective thriller (Detective Jennifer Knight Crime Thriller Series Book 3)",Caroline Mitchell,"April 13, 2017",2017-04-13,No,,Madeleine ORourke,0,No,No
Today Will Be Different,Maria Semple,"March 8, 2017",2017-03-08,No,,Madeleine ORourke,0,No,No
A Dog's Purpose: A Novel for Humans (A Dog's Purpose series Book 1),W. Bruce Cameron,"March 3, 2017",2017-03-03,No,,Madeleine ORourke,0,Yes,No
26a: A Novel,Diana Evans,"March 3, 2017",2017-03-03,No,,Madeleine ORourke,0,No,No
Sisterland: A Novel,Curtis Sittenfeld,"February 11, 2017",2017-02-11,No,,Madeleine ORourke,0,No,No
The Blind Assassin: Booker Prize Winner: A Novel,Margaret Atwood,"November 15, 2016",2016-11-15,No,,Madeleine ORourke,0,Yes,No
Smoke Gets in Your Eyes: And Other Lessons from the Crematory,Caitlin Doughty,"November 15, 2016",2016-11-15,No,,Madeleine ORourke,0,Yes,No
"Secrets From the Eating Lab: The Science of Weight Loss, the Myth of Willpower, and Why You Should Never Diet Again",Traci Mann PhD,"August 10, 2016",2016-08-10,No,,Madeleine ORourke,0,No,No
A Mindfulness-Based Stress Reduction Workbook (A New Harbinger Self-Help Workbook),"Bob Stahl, Elisha Goldstein, Jon Kabat-Zinn PhD","April 15, 2016",2016-04-15,No,,Madeleine ORourke,0,Yes,No
The Long and Faraway Gone: A Novel,Lou Berney,"February 25, 2016",2016-02-25,No,,Madeleine ORourke,0,No,No
Brazzaville Beach: A Novel,William Boyd,"July 25, 2015",2015-07-25,No,,Madeleine ORourke,0,No,No
A Lucky Life Interrupted: A Memoir of Hope,Tom Brokaw,"May 11, 2015",2015-05-11,No,,Madeleine ORourke,0,No,No
The Etiquette of Illness: What to Say When You Can't Find the Words,Sue Halpern,"May 9, 2015",2015-05-09,No,,Madeleine ORourke,0,No,No
Whiplash River: A Gripping Noir Crime Thriller Sequel – High-Stakes Action in Belize,Lou Berney,"February 11, 2015",2015-02-11,No,,Madeleine ORourke,0,No,No
The Martian: A Novel,Andy Weir,"November 26, 2014",2014-11-26,No,,Madeleine ORourke,0,No,No
Revival: A Novel,Stephen King,"November 15, 2014",2014-11-15,No,,Madeleine ORourke,0,No,No
Under The Skin: A Chilling Literary Sci-Fi Thriller About Hitchhikers Who Disappear in Scotland,Michel Faber,"October 14, 2014",2014-10-14,No,,Madeleine ORourke,0,Yes,No
Wild: From Lost to Found on the Pacific Crest Trail (Oprah's Book Club 2.0),Cheryl Strayed,"September 16, 2014",2014-09-16,No,,Madeleine ORourke,0,No,No
Mr. Mercedes: A Novel (The Bill Hodges Trilogy Book 1),Stephen King,"September 9, 2014",2014-09-09,No,,Madeleine ORourke,0,Yes,No
The Thousand Names (The Shadow Campaigns Book 1),Django Wexler,"July 21, 2014",2014-07-21,No,,Madeleine ORourke,0,No,No
The Boys in the Boat: Nine Americans and Their Epic Quest for Gold at the 1936 Berlin Olympics,Daniel James Brown,"June 23, 2014",2014-06-23,No,,Madeleine ORourke,0,Yes,No
The Absolutely True Diary of a Part-Time Indian (National Book Award Winner),Sherman Alexie,"June 1, 2014",2014-06-01,No,,Madeleine ORourke,0,Yes,No
Hominids: Volume One of The Neanderthal Parallax,Robert J. Sawyer,"May 15, 2014",2014-05-15,No,,Madeleine ORourke,0,Yes,No
Gone Girl: A Novel,Gillian Flynn,"May 7, 2014",2014-05-07,No,,Madeleine ORourke,0,No,No
We Are All Completely Beside Ourselves: A Novel (Pen/Faulkner Award - Fiction),Karen Joy Fowler,"April 20, 2014",2014-04-20,No,,Madeleine ORourke,0,No,No
