Title,Author/Editor,Role,Format,Date Added
24/7: Late Capitalism and the Ends of Sleep,Jonathan Crary,Author,Ebook,"June 18, 2015"
A Book of Migrations,Rebecca Solnit,Author,Ebook,"December 31, 2016"
A Child in Palestine: The Cartoons of Naji al-Ali,Naji al-Ali,Author,Ebook,"September 1, 2024"
A Civil War: A History of the Italian Resistance,Claudio Pavone,Author,Ebook,"December 31, 2015"
"A Colossal Wreck: A Road Trip Through Political Scandal, Corruption and American Culture",Alexander Cockburn,Author,Ebook,"December 31, 2015"
A Companion To Marx's Capital: The Complete Edition,David Harvey,Author,Ebook,"December 1, 2022"
A Companion to Marx's Grundrisse,David Harvey,Author,Ebook,"February 3, 2023"
A Critical Theory of Police Power: The Fabrication of the Social Order,Mark Neocleous,Author,Ebook,"January 4, 2021"
A History of the Barricade,Eric Hazan,Author,Ebook,"December 31, 2016"
"A History of the World in Seven Cheap Things: A Guide to Capitalism, Nature, and the Future of the Planet",Jason W. Moore and Raj Patel,Author,Ebook,"July 1, 2018"
A History of Violence: Living and Dying in Central America,Óscar Martínez,Author,Ebook,"December 31, 2016"
"A Kick in the Belly: Women, Slavery and Resistance",Stella Dadzie,Author,Ebook,"November 1, 2020"
A Massacre in Mexico: The True Story behind the Missing Forty-Three Students,Anabel Hernández,Author,Ebook,"July 9, 2020"
A People's History of London,Lindsey German and John Rees,Author,Ebook,"June 18, 2015"
A People's History of the French Revolution,Eric Hazan,Author,Ebook,"December 31, 2015"
A People's History of the World: From the Stone Age to the New Millennium,Chris Harman,Author,Ebook,"December 31, 2015"
A Philosophy of Shame: A Revolutionary Emotion,Frédéric Gros,Author,Ebook,"May 1, 2025"
A Philosophy of Walking,Frédéric Gros,Author,Ebook,"December 31, 2015"
A Philosophy of War: Why We Fight,Frédéric Gros,Author,Ebook,"January 1, 2026"
A Seventh Man: A Book of Images and Words about the Experience of Migrant Workers in Europe,John Berger,Author,Ebook,"December 1, 2025"
A Short History of Trans Misogyny,Jules Gill-Peterson,Author,Ebook,"January 1, 2024"
A Singular Modernity: Essay on the Ontology of the Present,Fredric Jameson,Author,Ebook,"December 31, 2015"
A Social History of Analytic Philosophy: How Politics Has Shaped an Apolitical Philosophy,Christoph Schuringa,Author,Ebook,"June 1, 2025"
A Social History of Western Political Thought,Ellen Meiksins Wood,Author,Ebook,"August 1, 2022"
A Spanish Commune: The Cartagena Canton and its Worlds,Jeanne Moisand,Author,Ebook,"October 1, 2025"
"A Turbulent, Seditious and Factious People: John Bunyan and His Church",Christopher Hill,Author,Ebook,"July 28, 2017"
A Very British Conspiracy: The Shrewsbury 24 and the Campaign for Justice,Eileen Turnbull,Author,Ebook,"September 1, 2022"
A Walk Through Paris: A Radical Exploration,Eric Hazan,Author,Ebook,"July 1, 2018"
A World to Win: The Life and Works of Karl Marx,Sven-Eric Liedman,Author,Ebook,"July 28, 2019"
"A World Without Police: Communities Against Cops, Fascism, and the Border",Geo Maher,Author,Ebook,"August 1, 2021"
A Writer of Our Time: The Life and Work of John Berger,Joshua Sperling,Author,Ebook,"December 1, 2025"
Abolish the Family: A Manifesto for Care and Liberation,Sophie Lewis,Author,Ebook,"October 1, 2022"
Abolition Geography: Essays Towards Liberation,Ruth Wilson Gilmore,Author,Ebook,"May 2, 2022"
Abortion Beyond the Law: Building a Global Feminist Movement for Self-Managed Abortion,Naomi Braine,Author,Ebook,"November 1, 2023"
Absolute Recoil: Towards A New Foundation Of Dialectical Materialism,Slavoj Žižek,Author,Ebook,"June 18, 2015"
Aesthetics and Politics,"Theodor Adorno, Walter Benjamin, Ernst Bloch, Bertolt Brecht and Georg Lukács",Author,Ebook,"October 1, 2020"
After Black Lives Matter: Policing and Anti-Capitalist Struggle,Cedric G. Johnson,Author,Ebook,"March 1, 2023"
After Work: A History of the Home and the Fight for Free Time,Helen Hester and Nick Srnicek,Author,Ebook,"July 1, 2023"
Against Borders: The Case for Abolition,Gracie Mae Bradley and Luke de Noronha,Author,Ebook,"July 1, 2022"
Against Everything: On Dishonest Times,Mark Greif,Author,Ebook,"December 31, 2017"
Against Landlords: How to Solve the Housing Crisis,Nick Bano,Author,Ebook,"March 1, 2024"
Against the Crisis: Economy and Ecology in a Burning World,Ståle Holgersen,Author,Ebook,"November 1, 2024"
Against the Troika: Crisis and Austerity in the Eurozone,Heiner Flassbeck and Costas Lapavitsas,Author,Ebook,"December 31, 2016"
Against World Literature: On the Politics of Untranslatability,Emily Apter,Author,Ebook,"December 31, 2015"
Age of Folly: America Abandons Its Democracy,Lewis H. Lapham,Author,Ebook,"December 31, 2016"
Alexandre Kojève: An Intellectual Biography,Boris Groys,Author,Ebook,"November 1, 2025"
All Over the Map: Writing on Buildings and Cities,Michael Sorkin,Author,Ebook,"June 18, 2015"
All-American Nativism: How the Bipartisan War on Immigrants Explains Politics as We Know It,Daniel Denvir,Author,Ebook,"December 2, 2020"
Allegory and Ideology,Fredric Jameson,Author,Ebook,"July 28, 2019"
Alpha City: How London Was Captured by the Super-Rich,Rowland Atkinson,Author,Ebook,"May 3, 2021"
Alt-America: The Rise of the Radical Right in the Age of Trump,David Neiwert,Author,Ebook,"December 31, 2017"
Altai: A Novel,Wu Ming,Author,Ebook,"December 31, 2015"
Alternatives to Capitalism: Proposals for a Democratic Economy,Robin Hahnel and Erik Olin Wright,Author,Ebook,"December 31, 2016"
Amateurs!: How We Built Internet Culture and Why it Matters,Joanna Walsh,Author,Ebook,"September 1, 2025"
America's Fatal Leap: 1991-2016,Paul W. Schroeder,Author,Ebook,"February 1, 2025"
American Breakdown: The Trump Years and How They Befell Us,David Bromwich,Author,Ebook,"July 28, 2019"
American Imperatives: The Cold War and Other Matters,Anders Stephanson,Author,Ebook,"July 1, 2025"
Amphibious Realities: The Documentary Poetics of Allan Sekula,Gail Day and Steve Edwards,Author,Ebook,"November 1, 2025"
An Act of State: The Execution of Martin Luther King,William F. Pepper,Author,Ebook,"July 1, 2018"
An American Utopia: Dual Power and the Universal Army,Fredric Jameson; Slavoj Žižek,Editor,Ebook,"December 31, 2016"
An Army Like No Other: A History of the IDF,Haim Bresheeth-Zabner,Author,Ebook,"July 31, 2020"
An Ecology of World Literature: From Antiquity to the Present Day,Alexander Beecroft,Author,Ebook,"June 18, 2015"
"An Event, Perhaps: A Biography of Jacques Derrida",Peter Salmon,Author,Ebook,"October 1, 2020"
Analogue Africa: Notes on the Anti-Colonial Imagination,Jeremy Harding,Author,Ebook,"April 1, 2026"
Anthropocene Communism: Land and Capital in the Age of Disaster,Paul Guillibert,Author,Ebook,"November 1, 2025"
Archaeologies of the Future: The Desire Called Utopia and Other Science Fictions,Fredric Jameson,Author,Ebook,"September 29, 2021"
"architect, verb.: The New Language of Building",Reinier De Graaf,Author,Ebook,"February 3, 2023"
Architecture Against Architecture: A Manifesto,Reinier De Graaf,Author,Ebook,"March 1, 2026"
Arid Empire: The Entangled Fates of Arizona and Arabia,Natalie Koch,Author,Ebook,"December 1, 2022"
Art and Revolution: Ernst Neizvestny and the Role of the Artist,John Berger,Author,Ebook,"December 1, 2025"
Artificial Hells: Participatory Art and the Politics of Spectatorship,Claire Bishop,Author,Ebook,"December 1, 2022"
Autism Is Not A Disease: The Politics of Neurodiversity,Jodie Hare,Author,Ebook,"September 1, 2024"
Automation and the Future of Work,Aaron Benanav,Author,Ebook,"November 1, 2020"
Axis of Empire: A History of Iran–US Relations,Afshin Matin-Asgari,Author,Ebook,"February 1, 2026"
Bad Gays: A Homosexual History,Huw Lemmey and Ben Miller,Author,Ebook,"May 2, 2022"
"Bad New Days: Art, Criticism, Emergency",Hal Foster,Author,Ebook,"September 8, 2018"
Balzac's Paris: The City as Human Comedy,Eric Hazan,Author,Ebook,"June 1, 2024"
"Behind Enemy Lies: War, News and Chaos in the Middle East",Patrick Cockburn,Author,Ebook,"July 9, 2020"
Being Numerous: Essays on Non-Fascist Life,Natasha Lennard,Author,Ebook,"July 28, 2019"
Believe Nothing until It Is Officially Denied: Claud Cockburn and the Invention of Guerrilla Journalism,Patrick Cockburn,Author,Ebook,"October 1, 2024"
Bento's Sketchbook,John Berger,Author,Ebook,"March 1, 2025"
Berlin Childhood around 1900,Walter Benjamin,Author,Ebook,"December 1, 2025"
Betraying Big Brother: The Feminist Awakening in China,Leta Hong Fincher,Author,Ebook,"April 1, 2021"
Between Existentialism and Marxism,Jean-Paul Sartre,Author,Ebook,"February 1, 2025"
Beyond Black and White: From Civil Rights to Barack Obama,Manning Marable,Author,Ebook,"September 28, 2019"
"Beyond the Pale: White Women, Racism, and History",Vron Ware,Author,Ebook,"December 31, 2015"
Beyond the Ruins: The Fight Against Environmental Breakdown,Mathew Lawrence and Laurie Laybourn-Langton,Editor,Ebook,"April 22, 2021"
Bigger Than Bernie: How We Can Win Democratic Socialism in Our Time,Meagan Day and Micah Uetricht,Author,Ebook,"April 1, 2021"
Black Macho and the Myth of the Superwoman,Michele Wallace,Author,Ebook,"December 1, 2022"
Black Meme: A History of the Images that Make Us,Legacy Russell,Author,Ebook,"May 1, 2024"
Bloody Nasty People: The Rise of Britain’s Far Right,Daniel Trilling,Author,Ebook,"December 31, 2015"
"Bloody Panico!: or, Whatever Happened to The Tory Party",Geoffrey Wheatcroft,Author,Ebook,"May 1, 2024"
Blue-Collar Empire: The Untold Story of US Labor's Global Anticommunist Crusade,Jeff Schuhrke,Author,Ebook,"September 1, 2024"
Bluebeard's Castle,Anna Biller,Author,Ebook,"October 1, 2023"
Bodies Under Siege: How the Far–Right Attack on Reproductive Rights Went Global,Sian Norris,Author,Ebook,"June 1, 2023"
Brazil Apart: 1964–2019,Perry Anderson,Author,Ebook,"December 1, 2022"
Breaking Things at Work: The Luddites Are Right About Why You Hate Your Job,Gavin Mueller,Author,Ebook,"February 1, 2021"
Brecht and Method,Fredric Jameson,Author,Ebook,"December 1, 2024"
"Britain's Empire: Resistance, Repression and Revolt",Richard Gott,Author,Ebook,"June 18, 2015"
Buda's Wagon: A Brief History of the Car Bomb,Mike Davis,Author,Ebook,"July 28, 2017"
Building the Commune: Radical Democracy in Venezuela,Geo Maher,Author,Ebook,"December 31, 2016"
Burn It Down!: Feminist Manifestos for the Revolution,Breanne Fahs,Author,Ebook,"December 2, 2020"
Burnout: The Emotional Experience of Political Defeat,Hannah Proctor,Author,Ebook,"May 1, 2024"
Buying Time: The Delayed Crisis of Democratic Capitalism,Wolfgang Streeck,Author,Ebook,"June 18, 2015"
"Cannibal Capitalism: How our System is Devouring Democracy, Care, and the Planet – and What We Can Do About It",Nancy Fraser,Author,Ebook,"September 1, 2022"
Capital City: Gentrification and the Real Estate State,Samuel Stein,Author,Ebook,"July 28, 2019"
Capital Is Dead: Is This Something Worse?,McKenzie Wark,Author,Ebook,"February 1, 2021"
Capital's Grave: Neofeudalism and the New Class Struggle,Jodi Dean,Author,Ebook,"April 1, 2025"
Capitalism and the Camera: Essays on Photography and Extraction,Kevin Coleman and Daniel James,Author,Ebook,"May 3, 2021"
Capitalism and the Sea: The Maritime Factor in the Making of the Modern World,Liam Campling and Alejandro Colás,Author,Ebook,"January 4, 2021"
Capitalism in the Web of Life: Ecology and the Accumulation of Capital,Jason W. Moore,Author,Ebook,"December 31, 2015"
"Capitalism, Socialism, Ecology",André Gorz,Author,Ebook,"December 31, 2017"
Capitalism: A Conversation in Critical Theory,Nancy Fraser,Author,Ebook,"July 1, 2023"
Capitalism: A Ghost Story,Arundhati Roy,Author,Ebook,"June 18, 2015"
Captain Swing,Eric Hobsbawm and George Rudé,Author,Ebook,"December 31, 2015"
Captives: How Rikers Island Took New York City Hostage,Jarrod Shanahan,Author,Ebook,"May 2, 2022"
Carbon Democracy: Political Power in the Age of Oil,Timothy Mitchell,Author,Ebook,"December 31, 2016"
Chaos in the Heavens: The Forgotten History of Climate Change,Jean-Baptiste Fressoz and Fabien Locher,Author,Ebook,"March 1, 2024"
Charged: How the Police Try to Suppress Protest,Matt Foot and Morag Livingstone,Author,Ebook,"May 2, 2022"
Charles Baudelaire: A Lyric Poet in the Era of High Capitalism,Walter Benjamin,Author,Ebook,"August 1, 2023"
Chavs: The Demonization of the Working Class,Owen Jones,Author,Ebook,"June 18, 2015"
Chechnya: The Case for Independence,Tony Wood,Author,Ebook,"December 1, 2022"
China in One Village: The Story of One Town and the Changing World,Liang Hong,Author,Ebook,"June 1, 2021"
China's Revolutions in the Modern World: A Brief Interpretive History,Rebecca E. Karl,Author,Ebook,"December 1, 2022"
Christopher Hill: The Life of a Radical Historian,Michael Braddick,Author,Ebook,"February 1, 2025"
"Cities of Power: The Urban, The National, The Popular, The Global",Göran Therborn,Author,Ebook,"July 28, 2017"
Cities Under Siege: The New Military Urbanism,Stephen Graham,Author,Ebook,"December 31, 2017"
Citizens of the Whole World: Anti-Zionism and the Cultures of the American Jewish Left,Benjamin Balthaser,Author,Ebook,"August 1, 2025"
Citizens to Lords: A Social History of Western Political Thought from Antiquity to the Late Middle Ages,Ellen Meiksins Wood,Author,Ebook,"December 31, 2016"
City of Quartz: Excavating the Future in Los Angeles,Mike Davis,Author,Ebook,"June 18, 2015"
Civil Imagination: A Political Ontology of Photography,Ariella Aïsha Azoulay,Author,Ebook,"March 1, 2024"
Civilization: How We All Became American,Régis Debray,Author,Ebook,"July 28, 2019"
Claiming the City: A Global History of Workers' Fight for Municipal Socialism,Shelton Stromquist,Author,Ebook,"February 3, 2023"
Class War: A Literary History,Mark Steven,Author,Ebook,"April 3, 2023"
Class War: The Privatization of Childhood,Megan Erickson,Author,Ebook,"December 31, 2015"
"Class, Crisis and the State",Erik Olin Wright,Author,Ebook,"January 1, 2025"
Classes,Erik Olin Wright,Author,Ebook,"April 3, 2023"
Clean Living Under Difficult Circumstances: Finding a Home in the Ruins of Modernism,Owen Hatherley,Author,Ebook,"June 1, 2021"
Climate Change as Class War: Building Socialism on a Warming Planet,Matthew T. Huber,Author,Ebook,"May 2, 2022"
Climate Crisis and the Global Green New Deal: The Political Economy of Saving the Planet,Noam Chomsky and Robert Pollin; C.J. Polychroniou,Editor,Ebook,"September 1, 2020"
Climate Leviathan: A Political Theory of Our Planetary Future,Geoff Mann and Joel Wainwright,Author,Ebook,"September 25, 2019"
Close to the Edge: In Search of the Global Hip Hop Generation,Sujatha Fernandes,Author,Ebook,"December 31, 2016"
Combat Trauma: Imaginaries of War and Citizenship in post-9/11 America,Nadia Abu El Haj,Author,Ebook,"September 1, 2022"
Communal Luxury: The Political Imaginary of the Paris Commune,Kristin Ross,Author,Ebook,"July 28, 2017"
Communism and Strategy: Rethinking Political Mediations,Isabelle Garo,Author,Ebook,"April 3, 2023"
Comrade: An Essay on Political Belonging,Jodi Dean,Author,Ebook,"June 1, 2021"
Confronting Capitalism: How the World Works and How to Change It,Vivek Chibber,Author,Ebook,"August 1, 2022"
Connected History: Essays and Arguments,Sanjay Subrahmanyam,Author,Ebook,"January 2, 2022"
Considerations on Western Marxism,Perry Anderson,Author,Ebook,"September 15, 2020"
Contraventions: Editorials from New Left Review,Susan Watkins,Editor,Ebook,"October 1, 2023"
Control Science: How Management Made the Modern World,Henry Snow,Author,Ebook,"May 1, 2026"
Corbyn and the Future of Labour: A Verso Report,Verso Books UK,Author,Ebook,"September 24, 2016"
Corker's Freedom,John Berger,Author,Ebook,"April 1, 2026"
"Corona, Climate, Chronic Emergency: War Communism in the Twenty-First Century",Andreas Malm,Author,Ebook,"September 1, 2020"
Coronavirus Criminals and Pandemic Profiteers: Accountability for Those Who Caused the Crisis,John Nichols,Author,Ebook,"January 2, 2022"
Counterrevolution in Egypt: Sisi's New Republic,Hossam el-Hamalawy,Author,Ebook,"May 1, 2026"
Crippled: Austerity and the Demonization of Disabled People,Frances Ryan,Author,Ebook,"September 1, 2020"
Crisis as Form,Peter Osborne,Author,Ebook,"September 1, 2022"
"Critical Encounters: Capitalism, Democracy, Ideas",Wolfgang Streeck,Author,Ebook,"November 1, 2020"
Critique of Everyday Life: The One-Volume Edition,Henri Lefebvre,Author,Ebook,"December 31, 2015"
Crooked Plow,Itamar Vieira Junior,Author,Ebook,"June 1, 2023"
Crowds and Party,Jodi Dean,Author,Ebook,"July 28, 2017"
"Crude Capitalism: Oil, Corporate Power, and the Making of the World Market",Adam Hanieh,Author,Ebook,"October 1, 2024"
Cultural Capital: The Rise and Fall of Creative Britain,Robert Hewison,Author,Ebook,"December 31, 2016"
Culture and Materialism,Raymond Williams,Author,Ebook,"October 1, 2020"
"Culture and Politics: Class, Writing, Socialism",Raymond Williams; Phil O'Brien,Editor,Ebook,"January 2, 2022"
Culture Strike: Art and Museums in an Age of Protest,Laura Raicovich,Author,Ebook,"June 1, 2021"
Cultures in Babylon: Feminism from Black Britain to African America,Hazel V. Carby,Author,Ebook,"April 1, 2024"
Cyberboss: The Rise of Algorithmic Management and the New Struggle for Control at Work,Craig Gent,Author,Ebook,"October 1, 2024"
Cybernetic Circulation Complex: Big Tech and Planetary Crisis,Nick Dyer-Witheford and Alessandra Mularoni,Author,Ebook,"February 1, 2025"
Daring to Hope: My Life in the 1970s,Sheila Rowbotham,Author,Ebook,"November 1, 2021"
Dark Matter: A Guide to Alexander Kluge & Oskar Negt,Richard Langston,Author,Ebook,"July 31, 2020"
Darkwater: Voices from Within the Veil,W. E. B. Du Bois,Author,Ebook,"September 10, 2018"
Deadly and Slick: Sexual Modernity and the Making of Race,Sita Balani,Author,Ebook,"May 14, 2023"
Decolonial Marxism: Essays from the Pan-African Revolution,Walter Rodney,Author,Ebook,"August 1, 2022"
Democracy Against Capitalism: Renewing Historical Materialism,Ellen Meiksins Wood,Author,Ebook,"September 28, 2018"
Democracy in the Political Present: A Queer-Feminist Theory,Isabell Lorey,Author,Ebook,"November 1, 2022"
Democracy or Bonapartism: Two Centuries of War on Democracy,Domenico Losurdo,Author,Ebook,"April 1, 2024"
Democratizing Finance: Restructuring Credit to Transform Society,Fred Block and Robert Hockett,Editor,Ebook,"February 1, 2022"
Democratizing the Corporation: The Bicameral Firm and Beyond,"Isabelle Ferreras, Tom Malleson and Joel Rogers",Editor,Ebook,"March 1, 2024"
Designing Disorder: Experiments and Disruptions in the City,Pablo Sendra and Richard Sennett,Author,Ebook,"December 2, 2020"
Dialectic of Enlightenment,Theodor Adorno and Max Horkheimer,Author,Ebook,"December 1, 2023"
Diary of a Crisis: Israel in Turmoil,Saul Friedländer,Author,Ebook,"September 1, 2024"
"Different Speeds, Same Furies: Powell, Proust and other Literary Forms",Perry Anderson,Author,Ebook,"November 1, 2022"
Direct Action: Protest and the Reinvention of American Radicalism,L.A. Kauffman,Author,Ebook,"July 28, 2017"
Dirty Secrets: How Tax Havens Destroy the Economy,Richard Murphy,Author,Ebook,"July 28, 2017"
Disaster Capitalism: Making a Killing Out of Catastrophe,Antony Loewenstein,Author,Ebook,"December 31, 2015"
Disaster Nationalism: The Downfall of Liberal Civilization,Richard Seymour,Author,Ebook,"November 1, 2024"
Disobey!: A Philosophy of Resistance,Frédéric Gros,Author,Ebook,"May 3, 2021"
Disordered Attention: How We Look at Art and Performance Today,Claire Bishop,Author,Ebook,"June 1, 2024"
Disputing Disaster: A Sextet on the Great War,Perry Anderson,Author,Ebook,"November 1, 2024"
"Dissidents among Dissidents: Ideology, Politics and the Left in Post-Soviet Russia",Ilya Budraitskis,Author,Ebook,"January 2, 2022"
Distant Reading,Franco Moretti,Author,Ebook,"December 31, 2016"
Dreamers of a New Day: Women Who Invented the Twentieth Century,Sheila Rowbotham,Author,Ebook,"December 31, 2017"
Dreams of Leaving and Remaining: Fragments of a Nation,James Meek,Author,Ebook,"July 28, 2019"
Drone Warfare: Killing by Remote Control,Medea Benjamin,Author,Ebook,"December 31, 2015"
Duty Free Art: Art in the Age of Planetary Civil War,Hito Steyerl,Author,Ebook,"December 31, 2017"
Déjà Vu and the End of History,Paolo Virno,Author,Ebook,"June 18, 2015"
Ecology of Fear: Los Angeles and the Imagination of Disaster,Mike Davis,Author,Ebook,"February 1, 2022"
Economics and the Left: Interviews with Progressive Economists,C.J. Polychroniou,Editor,Ebook,"September 1, 2021"
Edward Said: His Thought as a Novel,Dominique Eddé,Author,Ebook,"May 3, 2021"
Elegy for Mary Turner: An Illustrated Account of a Lynching,Rachel Marie-Crane Williams,Author,Ebook,"March 1, 2021"
Ending Fossil Fuels: Why Net Zero is Not Enough,Holly Jean Buck,Author,Ebook,"November 1, 2021"
"Enforcing Normalcy: Disability, Deafness, and the Body",Lennard J. Davis,Author,Ebook,"November 1, 2025"
Engaging Erik Olin Wright: Between Class Analysis and Real Utopias,Michael Burawoy and Gay Seidman,Editor,Ebook,"June 1, 2024"
Erasing Palestine: Free Speech and Palestinian Freedom,Rebecca Ruth Gould,Author,Ebook,"July 1, 2023"
Ernest Gellner: An Intellectual Biography,John A. Hall,Author,Ebook,"June 18, 2015"
"European Empires from Conquest to Collapse, 1815-1960",Victor G. Kiernan,Author,Ebook,"April 1, 2024"
European Nations: Explaining Their Formation,Miroslav Hroch,Author,Ebook,"December 31, 2016"
Ever Closer Union?: Europe in the West,Perry Anderson,Author,Ebook,"September 1, 2021"
Everything and Less: The Novel in the Age of Amazon,Mark McGurl,Author,Ebook,"October 1, 2021"
"Everything Is Now: The 1960s New York Avant-Garde—Primal Happenings, Underground Movies, Radical Pop",J. Hoberman,Author,Ebook,"May 1, 2025"
"Everything to Nothing: The Poetry of the Great War, Revolution and the Transformation of Europe",Geert Buelens,Author,Ebook,"December 31, 2015"
Everything to Play For: How Videogames Are Changing the World,Marijam Did,Author,Ebook,"December 1, 2024"
"Everything, All the Time, Everywhere: How We Became Postmodern",Stuart Jeffries,Author,Ebook,"October 1, 2021"
Eviction: A Social History of Rent,Jessica Field,Author,Ebook,"September 1, 2025"
Experimental Criticism: Franco Moretti and Literature,Francesco de Cristofaro and Stefano Ercolino,Editor,Ebook,"January 1, 2026"
Extrastatecraft: The Power of Infrastructure Space,Keller Easterling,Author,Ebook,"June 18, 2015"
Extreme Cities: The Peril and Promise of Urban Life in the Age of Climate Change,Ashley Dawson,Author,Ebook,"December 31, 2017"
Far Country,Franco Moretti,Author,Ebook,"July 28, 2019"
Faraway the Southern Sky: A Novel,Joseph Andras,Author,Ebook,"June 1, 2024"
Fascism or Genocide: How a Decade of Political Disorder Broke American Politics,Ross Barkan,Author,Ebook,"July 1, 2025"
Feeling at Home: Transforming the Politics of Housing,Alva Gotby,Author,Ebook,"February 1, 2025"
Females,Andrea Long Chu,Author,Ebook,"March 1, 2025"
Feminism and Nationalism in the Third World,Kumari Jayawardena,Author,Ebook,"December 1, 2021"
Feminism or Death: How the Women's Movement Can Save the Planet,Francoise d'Eaubonne,Author,Ebook,"March 1, 2022"
Feminist Antifascism: Counterpublics of the Common,Ewa Majewska,Author,Ebook,"July 1, 2021"
Feminist City: Claiming Space in a Man-Made World,Leslie Kern,Author,Ebook,"July 9, 2020"
Feminist International: How to Change Everything,Verónica Gago,Author,Ebook,"November 1, 2020"
Fictitious Capital: How Finance Is Appropriating Our Future,Cédric Durand,Author,Ebook,"July 28, 2017"
Fighting in a World on Fire: The Next Generation's Guide to Protecting the Climate and Saving Our Future,Andreas Malm,Author,Ebook,"February 3, 2023"
Figures of Catastrophe: The Condition of Culture Novel,Francis Mulhern,Author,Ebook,"December 31, 2016"
"Film After Film: Or, What Became of 21st Century Cinema?",J. Hoberman,Author,Ebook,"December 31, 2016"
"Fire and Blood: The European Civil War, 1914–1945",Enzo Traverso,Author,Ebook,"December 31, 2016"
First They Took Rome: How the Populist Right Conquered Italy,David Broder,Author,Ebook,"July 9, 2020"
First-Class Passengers on a Sinking Ship: Elite Politics and the Decline of Great Powers,Richard Lachmann,Author,Ebook,"August 1, 2024"
For an Ecology of Images,Peter Szendy,Author,Ebook,"January 1, 2025"
Forbidden Fruit: An Anthropologist Looks at Incest,Maurice Godelier,Author,Ebook,"September 1, 2023"
Fortunes of Feminism: From State-Managed Capitalism to Neoliberal Crisis,Nancy Fraser,Author,Ebook,"July 31, 2020"
Fossil Capital: The Rise of Steam Power and the Roots of Global Warming,Andreas Malm,Author,Ebook,"December 31, 2016"
Four Futures: Life After Capitalism,Peter Frase,Author,Ebook,"December 31, 2016"
Fragments against My Ruin: A Life,Farrukh Dhondy,Author,Ebook,"July 1, 2024"
Frames of War: When Is Life Grievable?,Judith Butler,Author,Ebook,"July 28, 2017"
Free Them All: A Feminist Call to Abolish the Prison System,Gwenola Ricordeau,Author,Ebook,"August 1, 2023"
"Freedom for Capital, Not People: The Mont Pèlerin Society and the Origins of the Neoliberal Monetary Order",Matthias Schmelzer,Author,Ebook,"June 1, 2025"
Freud and the Non-European,Edward W. Said,Author,Ebook,"February 1, 2026"
Friends of Israel: The Backlash Against Palestine Solidarity,Hil Aked,Author,Ebook,"April 3, 2023"
From A to X: A Story in Letters,John Berger,Author,Ebook,"December 1, 2025"
From Stalinism to Eurocommunism: The Bitter Fruits of 'Socialism in One Country',Ernest Mandel,Author,Ebook,"December 31, 2017"
Full Surrogacy Now: Feminism Against Family,Sophie Lewis,Author,Ebook,"July 28, 2019"
Fully Automated Luxury Communism: A Manifesto,Aaron Bastani,Author,Ebook,"July 28, 2019"
Futurability: The Age of Impotence and the Horizon of Possibility,Franco Berardi,Author,Ebook,"July 28, 2017"
"Future Histories: What Ada Lovelace, Tom Paine, and the Paris Commune Can Teach Us About Digital Technology",Lizzie O'Shea,Author,Ebook,"July 28, 2019"
Future of Denial: The Ideologies of Climate Change,Tad DeLay,Author,Ebook,"April 1, 2024"
Futures of Socialism: The Pandemic and the Post-Corbyn Era,Grace Blakeley,Editor,Ebook,"October 1, 2020"
Gandhi's Assassin: The Making of Nathuram Godse and His Idea of India,Dhirendra Jha,Author,Ebook,"December 1, 2022"
Gaza: The Story of a Genocide,Fatima Bhutto and Sonia Faleiro,Editor,Ebook,"January 1, 2026"
General Intellects: Twenty-One Thinkers for the 21st Century,McKenzie Wark,Author,Ebook,"July 28, 2017"
"Genes, Cells and Brains: The Promethean Promises of the New Biology",Hilary Rose and Steven Rose,Author,Ebook,"December 31, 2015"
Gentrification Is Inevitable and Other Lies,Leslie Kern,Author,Ebook,"September 1, 2022"
Georg Lukàcs: From Romanticism to Bolshevism,Michael Löwy,Author,Ebook,"November 1, 2023"
Girl Online: A User Manual,Joanna Walsh,Author,Ebook,"May 2, 2022"
Girls Against God,Jenny Hval,Author,Ebook,"October 1, 2020"
Glitch Feminism: A Manifesto,Legacy Russell,Author,Ebook,"September 1, 2020"
Going to My Father's House: A History of My Times,Patrick Joyce,Author,Ebook,"July 1, 2021"
Good Neighbors: Gentrifying Diversity in Boston’s South End,Sylvie Tissot,Author,Ebook,"December 31, 2015"
Governing from the Skies: A Global History of Aerial Bombing,Thomas Hippler,Author,Ebook,"July 28, 2017"
Governing the World Without World Government,Roberto Mangabeira Unger,Author,Ebook,"July 1, 2022"
Goya's Last Portrait/A Question of Geography,John Berger and Nella Bielski,Author,Ebook,"April 1, 2026"
Grand Hotel Abyss: The Lives of the Frankfurt School,Stuart Jeffries,Author,Ebook,"December 31, 2016"
Green Gone Wrong: Dispatches from the Front Lines of Eco-Capitalism,Heather Rogers,Author,Ebook,"December 31, 2015"
Gwangju Uprising: The Rebellion for Democracy in South Korea,"Lee Jae-eui, Hwang Sok-yong and Jeon Yong-ho",Author,Ebook,"May 2, 2022"
"Hacker, Hoaxer, Whistleblower, Spy: The Many Faces of Anonymous",Gabriella Coleman,Author,Ebook,"March 31, 2016"
"Half-Earth Socialism: A Plan to Save the Future from Extinction, Climate Change and Pandemics",Drew Pendergrass and Troy Vettese,Author,Ebook,"April 1, 2022"
Happy Apocalypse: A History of Technological Risk,Jean-Baptiste Fressoz,Author,Ebook,"July 1, 2024"
Happy Hour,Marlowe Granados,Author,Ebook,"September 1, 2021"
Hate: The Uses of a Powerful Emotion,Seyda Kurt,Author,Ebook,"November 1, 2025"
Health Communism,Beatrice Adler-Bolton and Artie Vierkant,Author,Ebook,"October 1, 2022"
Hegemony Now: How Big Tech and Wall Street Won the World (And How We Win it Back),Jeremy Gilbert and Alex Williams,Author,Ebook,"August 1, 2022"
Henri Lefebvre and the Theory of the Production of Space,Christian Schmid,Author,Ebook,"November 1, 2022"
Heretical Aesthetics: Pasolini on Painting,Pier Paolo Pasolini; Alessandro Giammei and Ara H. Merjian,Editor,Ebook,"August 1, 2023"
Hermaphrodite Logic: A History of Intersex Liberation,Juliana Gleeson,Author,Ebook,"June 1, 2025"
Heroes: Mass Murder and Suicide,Franco Berardi,Author,Ebook,"December 31, 2016"
Historical Capitalism,Immanuel Wallerstein,Author,Ebook,"June 18, 2015"
History and Class Consciousness,Georg Lukács,Author,Ebook,"November 1, 2023"
"History Made Conscious: Politics of Knowledge, Politics of the Past",Geoff Eley,Author,Ebook,"August 1, 2023"
Hit Parade of Tears,Izumi Suzuki,Author,Ebook,"April 3, 2023"
Hitler's Beneficiaries: How the Nazis Bought the German People,Götz Aly,Author,Ebook,"December 31, 2016"
Hold Everything Dear: Dispatches on Survival and Resistance,John Berger,Author,Ebook,"April 1, 2025"
Hollow City: The Siege of San Francisco and the Crisis of American Urbanism,Rebecca Solnit,Author,Ebook,"December 31, 2018"
Hollow Land: Israel’s Architecture of Occupation,Eyal Weizman,Author,Ebook,"October 1, 2024"
Homeland: The War on Terror in American Life,Richard Beck,Author,Ebook,"March 1, 2025"
Homo Juridicus: On the Anthropological Function of the Law,Alain Supiot,Author,Ebook,"September 19, 2018"
Hostile Environment: How Immigrants Became Scapegoats,Maya Goodfellow,Author,Ebook,"September 1, 2020"
"How Did We Get Into This Mess?: Politics, Equality, Nature",George Monbiot,Author,Ebook,"February 3, 2023"
How Europe Underdeveloped Africa,Walter Rodney,Author,Ebook,"September 15, 2021"
How I Became A Socialist,William Morris,Author,Ebook,"November 1, 2020"
How I Stopped Being a Jew,Shlomo Sand,Author,Ebook,"December 1, 2022"
How Silicon Valley Unleashed Techno-feudalism: The Making of the Digital Economy,Cédric Durand,Author,Ebook,"September 1, 2024"
How to Be a Revolutionary: A Novel,C.A. Davids,Author,Ebook,"February 1, 2022"
How to Be an Anticapitalist in the Twenty-First Century,Erik Olin Wright,Author,Ebook,"September 29, 2020"
How to be Real: A Survival Guide in Challenging Times,Stephen Frosh,Author,Ebook,"October 1, 2025"
How to Blow Up a Pipeline: Learning to Fight in a World on Fire,Andreas Malm,Author,Ebook,"January 4, 2021"
How to See Like a Machine: Images After AI,Trevor Paglen,Author,Ebook,"May 1, 2026"
How We Walk: Frantz Fanon and the Politics of the Body,Matthew Beaumont,Author,Ebook,"April 1, 2024"
How Will Capitalism End?: Essays on a Failing System,Wolfgang Streeck,Author,Ebook,"December 31, 2016"
Human Capital: A History of Putting Refugees to Work,Laura Robson,Author,Ebook,"November 1, 2023"
Humanitarian Borders: Unequal Mobility and Saving Lives,Polly Pallister-Wilkins,Author,Ebook,"June 1, 2022"
Humankind: Solidarity with Non-Human People,Timothy Morton,Author,Ebook,"July 28, 2019"
"Hyper-Zionism: Germany, the Nazi Past and Israel",Hans Kundnani,Editor,Ebook,"December 1, 2025"
Hyperpolitics: Extreme Politicization without Political Consequences,Anton Jäger,Author,Ebook,"February 1, 2026"
I Fear My Pain Interests You: A Novel,Stephanie LaCava,Author,Ebook,"September 1, 2022"
I'm With the Bears: Short Stories from a Damaged Planet,Mark Martin,Editor,Ebook,"June 18, 2015"
"I, Rigoberta Menchú: An Indian Woman in Guatemala",Rigoberta Menchú; Elisabeth Burgos-Debray,Editor,Ebook,"November 1, 2024"
Ideology: An Introduction,Terry Eagleton,Author,Ebook,"May 1, 2024"
If Only,Vigdis Hjorth,Author,Ebook,"September 1, 2024"
If... Stands Up,Steve Bell,Author,Ebook,"October 1, 2024"
"Images of Class: Operaismo, Autonomia and the Visual Arts (1962-1988)",Jacopo Galimberti,Author,Ebook,"September 1, 2022"
Imagined Communities: Reflections on the Origin and Spread of Nationalism,Benedict Anderson,Author,Ebook,"December 31, 2015"
Imitation Democracy: The Development of Russia’s Post-Soviet Political System,Dmitrii Furman,Author,Ebook,"November 1, 2022"
Immanent Critiques: The Frankfurt School under Pressure,Martin Jay,Author,Ebook,"October 1, 2023"
"Immediacy, or The Style of Too Late Capitalism",Anna Kornbluh,Author,Ebook,"January 1, 2024"
Imperial Intimacies: A Tale of Two Islands,Hazel V. Carby,Author,Ebook,"October 1, 2021"
Imperialism and the National Question,V. I. Lenin,Author,Ebook,"February 1, 2024"
Imperium: Structures and Affects of Political Bodies,Frédéric Lordon,Author,Ebook,"January 2, 2022"
In Defence of Barbarism: Non-Whites Against the Empire,Louisa Yousfi,Author,Ebook,"January 1, 2025"
In Defence of the Terror: Liberty or Death in the French Revolution,Sophie Wahnich,Author,Ebook,"December 31, 2015"
In Defense of Housing: The Politics of Crisis,David Madden and Peter Marcuse,Author,Ebook,"August 1, 2024"
In Praise of Disobedience: The Soul of Man Under Socialism and Other Writings,Oscar Wilde,Author,Ebook,"November 1, 2020"
In Search of Fatima: A Palestinian Story,Ghada Karmi,Author,Ebook,"April 1, 2024"
In the Flow,Boris Groys,Author,Ebook,"March 31, 2016"
"In the Long Run We Are All Dead: Keynesianism, Political Economy, and Revolution",Geoff Mann,Author,Ebook,"July 28, 2017"
Inequality and the 1%,Danny Dorling,Author,Ebook,"June 18, 2015"
Inequality and the Labyrinths of Democracy,Göran Therborn,Author,Ebook,"November 1, 2020"
Insurgent Empire: Anticolonial Resistance and British Dissent,Priyamvada Gopal,Author,Ebook,"July 28, 2019"
Internet for the People: The Fight for Our Digital Future,Ben Tarnoff,Author,Ebook,"June 1, 2022"
Into the Melée: Culture/Politics/Intellectuals,Francis Mulhern,Author,Ebook,"June 1, 2024"
Inventing the Future: Postcapitalism and a World Without Work,Nick Srnicek and Alex Williams,Author,Ebook,"December 31, 2015"
Inventions of a Present: The Novel in its Crisis of Globalization,Fredric Jameson,Author,Ebook,"May 1, 2024"
Investigating Sex: Surrealist Discussions,José Pierre; José Pierre,Editor,Ebook,"June 18, 2015"
Investigative Aesthetics: Conflicts and Commons in the Politics of Truth,Matthew Fuller and Eyal Weizman,Author,Ebook,"August 1, 2021"
Invisibility Blues: From Pop to Theory,Michele Wallace,Author,Ebook,"September 13, 2018"
Iran Without Borders: Towards a Critique of the Postcolonial Nation,Hamid Dabashi,Author,Ebook,"December 1, 2022"
"Irregular Army: How the US Military Recruited Neo-Nazis, Gang Members, and Criminals to Fight the War on Terror",Matt Kennard,Author,Ebook,"December 31, 2015"
Is Mother Dead,Vigdis Hjorth,Author,Ebook,"October 1, 2022"
Is Socialism Possible in Britain?: Reflections on the Corbyn Years,Andrew Murray,Author,Ebook,"September 1, 2022"
Islamophobia and the Politics of Empire: 20 years after 9/11,Deepa Kumar,Author,Ebook,"September 1, 2021"
Jeffrey Sachs: The Strange Case of Dr. Shock and Mr. Aid,Japhy Wilson,Author,Ebook,"December 31, 2016"
Kant,Alexandre Kojève,Author,Ebook,"June 1, 2025"
Karl Marx and World Literature,S. S. Prawer,Author,Ebook,"December 31, 2015"
Keystroke Capitalism: How Banks Create Money for the Few,Aaron Sahr,Author,Ebook,"March 1, 2022"
Kill Chain: Drones and the Rise of High-Tech Assassins,Andrew Cockburn,Author,Ebook,"December 31, 2015"
La Lucha: The Story of Lucha Castro and Human Rights in Mexico,Jon Sack; Adam Shapiro,Editor,Ebook,"December 31, 2016"
Landscapes: John Berger on Art,John Berger; Tom Overton,Editor,Ebook,"December 1, 2025"
"Last Futures: Nature, Technology and the End of Architecture",Douglas Murphy,Author,Ebook,"December 31, 2016"
Late Capitalism,Ernest Mandel,Author,Ebook,"July 1, 2024"
"Late Fascism: Race, Capitalism and the Politics of Crisis",Alberto Toscano,Author,Ebook,"October 1, 2023"
"Late Marxism: Adorno, Or, the Persistence of the Dialectic",Fredric Jameson,Author,Ebook,"December 1, 2024"
Late Victorian Holocausts: El Niño Famines and the Making of the Third World,Mike Davis,Author,Ebook,"June 18, 2015"
"Latin: or, the Empire of a Sign",Françoise Waquet,Author,Ebook,"February 3, 2023"
Lean on Me: A Politics of Radical Care,Lynne Segal,Author,Ebook,"November 1, 2023"
Learning from the Enemy: An Intellectual History of Antifascism in Interwar Europe,Marco Bresciani,Author,Ebook,"June 1, 2024"
Leaving the Twentieth Century: Situationist Revolutions,McKenzie Wark,Author,Ebook,"August 1, 2024"
Legislature by Lot: Transformative Designs for Deliberative Governance,John Gastil and Erik Olin Wright,Author,Ebook,"July 28, 2019"
Lenin's Childhood,Isaac Deutscher,Author,Ebook,"January 1, 2024"
Lessons on Rousseau,Louis Althusser,Author,Ebook,"January 4, 2021"
Levers of Power: How the 1% Rules and What the 99% Can Do About It,"Tarun Banerjee, Michael Schwartz and Kevin A. Young",Author,Ebook,"July 9, 2020"
Liberalism at Large: The World According to the Economist,Alexander Zevin,Author,Ebook,"March 1, 2021"
Liberalism: A Counter-History,Domenico Losurdo,Author,Ebook,"December 31, 2016"
Liberals and Cannibals: The Implications of Diversity,Steven Lukes,Author,Ebook,"July 28, 2017"
Lifehouse: Taking Care of Ourselves in a World on Fire,Adam Greenfield,Author,Ebook,"July 1, 2024"
Lineages of the Absolutist State,Perry Anderson,Author,Ebook,"December 31, 2015"
Living in the End Times,Slavoj Žižek,Author,Ebook,"June 18, 2015"
Lockdown High: When the Schoolhouse Becomes a Jailhouse,Annette Fuentes,Author,Ebook,"December 31, 2015"
Long Live the Post Horn!,Vigdis Hjorth,Author,Ebook,"September 1, 2020"
Loot: How Israel Stole Palestinian Property,Adam Raz,Author,Ebook,"September 1, 2024"
Lord Leverhulme's Ghosts: Colonial Exploitation in the Congo,Jules Marchal,Author,Ebook,"July 28, 2017"
"Love and Money, Sex and Death: A Memoir",McKenzie Wark,Author,Ebook,"September 1, 2023"
Love and Terror: The Helter-Skelter History of the Manson Murders,Claudia Verhoeven,Author,Ebook,"June 1, 2026"
Loved Egyptian Night: The Meaning of the Arab Spring,Hugh Roberts,Author,Ebook,"February 1, 2024"
Lula: A Biography,Fernando Morais,Author,Ebook,"August 1, 2024"
Magical Urbanism: Latinos Reinvent the US City,Mike Davis,Author,Ebook,"June 1, 2024"
Major Corrections: An Intellectual Biography of Sebastiano Timpanaro,Tom Geue,Author,Ebook,"January 1, 2025"
Making Money: The Philosophy of Crisis Capitalism,Ole Bjerg,Author,Ebook,"December 31, 2016"
Making Space: Women and the Man Made Environment,Matrix,Author,Ebook,"March 1, 2022"
Making the Revolution Global: Black Radicalism and the British Socialist Movement before Decolonisation,Theo Williams,Author,Ebook,"October 1, 2022"
Man Tiger: A Novel,Eka Kurniawan,Author,Ebook,"December 31, 2015"
Mapping the Nation,Gopal Balakrishnan,Editor,Ebook,"December 31, 2017"
Marx and Human Nature: Refutation of a Legend,Norman Geras,Author,Ebook,"September 17, 2019"
Marx's Literary Style,Ludovico Silva,Author,Ebook,"December 1, 2022"
Marxist Modernism: Introductory Lectures on Frankfurt School Critical Theory,Gillian Rose; James Gordon Finlayson and Robert Lucas Scott,Editor,Ebook,"August 1, 2024"
"Masks of Anarchy: The History of a Radical Poem, from Percy Shelley to the Triangle Factory Fire",Michael Demson,Author,Ebook,"December 31, 2016"
May Day Manifesto 1968,Raymond Williams,Editor,Ebook,"December 31, 2018"
Medium Design: Knowing How to Work on the World,Keller Easterling,Author,Ebook,"January 4, 2021"
Medium Hot: Images in the Age of Heat,Hito Steyerl,Author,Ebook,"June 1, 2025"
Metaphilosophy,Henri Lefebvre; Stuart Elden,Editor,Ebook,"September 4, 2019"
Microverses: Observations from a Shattered Present,Dylan Riley,Author,Ebook,"September 1, 2022"
Mimesis: The Analytic Anthropology of Literature,Valery Podoroga,Author,Ebook,"August 1, 2022"
Mimesis: The Literature of the Soviet Avant-Garde,Valery Podoroga,Author,Ebook,"July 1, 2024"
Miss Major Speaks: Conversations with a Black Trans Revolutionary,Miss Major Griffin-Gracy and Toshio Meronek,Author,Ebook,"December 1, 2022"
Mistaken Identity: Mass Movements and Racial Ideology,Asad Haider,Author,Ebook,"March 1, 2022"
Mobility Justice: The Politics of Movement in An Age of Extremes,Mimi Sheller,Author,Ebook,"July 28, 2019"
Modern Times: Temporality in Art and Politics,Jacques Rancière,Author,Ebook,"February 1, 2022"
Modernism in the Streets: A Life and Times in Essays,Marshall Berman; David Marcus and Shellie Sclan,Editor,Ebook,"July 28, 2017"
Molecular Red: Theory for the Anthropocene,McKenzie Wark,Author,Ebook,"June 18, 2015"
Monumental Lies: Culture Wars and the Truth about the Past,Robert Bevan,Author,Ebook,"October 1, 2022"
Moral Abdication: How the World Failed to Stop the Destruction of Gaza,Didier Fassin,Author,Ebook,"January 1, 2025"
Morbid Symptoms: An Anatomy of a World in Crisis,Donald Sassoon,Author,Ebook,"March 1, 2021"
Motherdom: Breaking Free from Bad Science and Good Mother Myths,Alex Bollen,Author,Ebook,"March 1, 2025"
Multitudes: How Crowds Made the Modern World,Dan Hancox,Author,Ebook,"October 1, 2024"
Mural,Mahmoud Darwish,Author,Ebook,"April 1, 2024"
Mute Compulsion: A Marxist Theory of the Economic Power of Capital,Søren Mau,Author,Ebook,"December 1, 2022"
Mutual Aid: Building Solidarity During This Crisis (and the Next),Dean Spade,Author,Ebook,"October 1, 2020"
"My Country, Africa: Autobiography of the Black Pasionaria",Andrée Blouin,Author,Ebook,"January 1, 2025"
My Teaching,Jacques Lacan,Author,Ebook,"November 1, 2024"
Mythocracy: How Stories Shape Our Worlds,Yves Citton,Author,Ebook,"May 1, 2025"
"Napoleon's Cursed War: Spanish Popular Resistance in the Peninsular War, 1808–14",Ronald Fraser,Author,Ebook,"December 1, 2022"
Narcoland: The Mexican Drug Lords and Their Godfathers,Anabel Hernández,Author,Ebook,"June 18, 2015"
Natopolitanism: The Atlantic Alliance since the Cold War,Grey Anderson,Editor,Ebook,"August 1, 2023"
Neither Vertical nor Horizontal: A Theory of Political Organization,Rodrigo Nunes,Author,Ebook,"May 3, 2021"
Never Let a Serious Crisis Go to Waste: How Neoliberalism Survived the Financial Meltdown,Philip Mirowski,Author,Ebook,"June 18, 2015"
"Nevertheless: Machiavelli, Pascal",Carlo Ginzburg,Author,Ebook,"January 2, 2022"
New Dark Age: Technology and the End of the Future,James Bridle,Author,Ebook,"July 1, 2018"
New Orleans Under Reconstruction: The Crisis of Planning,"Anthony Fontenot, Carol McMichael Reese and Michael Sorkin",Editor,Ebook,"December 31, 2015"
New Radical Enlightenment: Philosophy for a Common World,Marina Garcés,Author,Ebook,"June 1, 2024"
Nightwalking: A Nocturnal History of London,Matthew Beaumont,Author,Ebook,"June 18, 2015"
"No God But Gain: The Untold Story of Cuban Slavery, the Monroe Doctrine, and the Making of the United States",Stephen Chambers,Author,Ebook,"December 31, 2015"
Noise Uprising: The Audiopolitics of a World Musical Revolution,Michael Denning,Author,Ebook,"December 31, 2015"
Non-Places: An Introduction to Supermodernity,Marc Augé,Author,Ebook,"November 1, 2023"
Not by Omission: The Case of the 1973 Arab-Israeli War,Amnon Kapeliouk,Author,Ebook,"July 1, 2022"
Not By Politics Alone: The Other Lenin,V. I. Lenin; Tamara Deutscher,Editor,Ebook,"January 1, 2024"
"Now, the People! Revolution in the Twenty-First Century",Jean-Luc Mélenchon,Author,Ebook,"May 1, 2025"
Nuclear is Not the Solution: The Folly of Atomic Power in the Age of Climate Change,M.V. Ramana,Author,Ebook,"July 1, 2024"
Nymph: A Novel,Stephanie LaCava,Author,Ebook,"October 1, 2025"
October: The Story of the Russian Revolution,China Miéville,Author,Ebook,"July 28, 2017"
"Old Gods, New Enigmas: Marx's Lost Theory",Mike Davis,Author,Ebook,"July 1, 2018"
On Extinction: Beginning Again At The End,Ben Ware,Author,Ebook,"March 1, 2024"
On the Pleasure Principle in Culture: Illusions Without Owners,Robert Pfaller,Author,Ebook,"December 31, 2016"
On the Shores of Politics,Jacques Rancière,Author,Ebook,"March 1, 2021"
One Man's Terrorist: A Political History of the IRA,Daniel Finn,Author,Ebook,"June 1, 2021"
One-Way Street: And Other Writings,Walter Benjamin,Author,Ebook,"July 1, 2021"
Only a Voice: Essays,George Scialabba,Author,Ebook,"August 1, 2023"
"Organize, Fight, Win: Black Communist Women's Political Writing",Charisse Burden-Stelly and Jodi Dean,Author,Ebook,"October 1, 2022"
Osip Mandelstam: A Biography,Ralph Dutli,Author,Ebook,"May 14, 2023"
Other Women: And Other Stories,Nicola Maye Goldberg,Author,Ebook,"May 1, 2026"
Our Bloc: How We Win,James Schneider,Author,Ebook,"September 1, 2022"
Our Lives in Their Portfolios: Why Asset Managers Own the World,Brett Christophers,Author,Ebook,"April 3, 2023"
Outcast London: A Study in the Relationship Between Classes in Victorian Society,Gareth Stedman Jones,Author,Ebook,"June 18, 2015"
"Outlaws of the Atlantic: Sailors, Pirates, and Motley Crews in the Age of Sail",Marcus Rediker,Author,Ebook,"June 18, 2015"
Outside the Outside: The New Politics of Sub-urbs,Matt Hern,Author,Ebook,"April 1, 2024"
Overshoot: How the World Surrendered to Climate Breakdown,Wim Carton and Andreas Malm,Author,Ebook,"October 1, 2024"
Overtime: Why We Need A Shorter Working Week,Kyle Lewis and Will Stronge,Author,Ebook,"September 1, 2021"
Own This!: How Platform Cooperatives Help Workers Build a Democratic Internet,R. Trebor Scholz,Author,Ebook,"September 1, 2023"
Owning the Future: Power and Property in an Age of Crisis,Adrienne Buller and Mathew Lawrence,Author,Ebook,"August 1, 2022"
Pacification: Social War and the Power of Police,Mark Neocleous,Author,Ebook,"February 1, 2025"
Paradise Rot: A Novel,Jenny Hval,Author,Ebook,"December 31, 2018"
Paris in Turmoil: A City between Past and Future,Eric Hazan,Author,Ebook,"November 1, 2022"
Passages from Antiquity to Feudalism,Perry Anderson,Author,Ebook,"December 31, 2015"
Patchwork: A Graphic Biography of Jane Austen,Kate Evans,Author,Ebook,"October 1, 2025"
Paths of Revolution: Selected Essays,Adolfo Gilly; Tony Wood,Editor,Ebook,"October 1, 2022"
Peasant-Citizen and Slave: The Foundations of Athenian Democracy,Ellen Meiksins Wood,Author,Ebook,"December 31, 2015"
Perdita: On Loss,Dylan Riley,Author,Ebook,"October 1, 2024"
Permanent Red: Essays in Seeing,John Berger,Author,Ebook,"March 1, 2025"
Pharmanomics: How Big Pharma Destroys Global Health,Nick Dearden,Author,Ebook,"October 1, 2023"
Philosophy for Militants,Alain Badiou,Author,Ebook,"December 31, 2016"
Philosophy of Care,Boris Groys,Author,Ebook,"February 1, 2022"
Planet of Slums,Mike Davis,Author,Ebook,"June 18, 2015"
Planet on Fire: A Manifesto for the Age of Environmental Breakdown,Mathew Lawrence and Laurie Laybourn-Langton,Author,Ebook,"April 1, 2021"
Playing the Whore: The Work of Sex Work,Melissa Gira Grant,Author,Ebook,"December 31, 2016"
Plowshares into Swords: From Zionism to Israel,Arno Mayer,Author,Ebook,"January 4, 2021"
Pocket Pantheon: Figures of Postwar Philosophy,Alain Badiou,Author,Ebook,"December 31, 2016"
Police: A Field Guide,David Correia and Tyler Wall,Author,Ebook,"December 31, 2018"
Policing the Planet: Why the Policing Crisis Led to Black Lives Matter,Jordan T. Camp and Christina Heatherton,Editor,Ebook,"December 31, 2016"
Politics and Letters: Interviews with New Left Review,Raymond Williams,Author,Ebook,"September 28, 2018"
Portraits: John Berger on Artists,John Berger; Tom Overton,Editor,Ebook,"November 1, 2021"
Post-Growth Living: For an Alternative Hedonism,Kate Soper,Author,Ebook,"October 1, 2020"
"Power and Resistance: Foucault, Deleuze, Derrida, Althusser",Yoshiyuki Sato,Author,Ebook,"October 1, 2022"
Power Games: A Political History of the Olympics,Jules Boykoff,Author,Ebook,"December 31, 2016"
Precarious Life: The Powers of Mourning and Violence,Judith Butler,Author,Ebook,"October 1, 2020"
Prisoners of the American Dream: Politics and Economy in the History of the US Working Class,Mike Davis,Author,Ebook,"December 31, 2018"
Profiting Without Producing: How Finance Exploits Us All,Costas Lapavitsas,Author,Ebook,"June 18, 2015"
Proletarian China: A Century of Chinese Labour,Ivan Franceschini and Christian Sorace,Editor,Ebook,"June 1, 2022"
Prophets of Deceit: A Study of the Techniques of the American Agitator,Norbert Guterman and Leo Lowenthal,Author,Ebook,"April 1, 2021"
Psychoanalysis and Feminism: A Radical Reassessment of Freudian Psychoanalysis,Juliet Mitchell,Author,Ebook,"January 1, 2026"
Psychopolitics: Neoliberalism and New Technologies of Power,Byung-Chul Han,Author,Ebook,"December 31, 2017"
Quick Fixes: Drugs in America from Prohibition to the 21st Century Binge,Benjamin Yen-Yi Fong,Author,Ebook,"July 1, 2023"
"Race, Place, Trace: Essays in Honour of Patrick Wolfe",Susan Slyomovics and Lorenzo Veracini,Editor,Ebook,"February 1, 2022"
Racecraft: The Soul of Inequality in American Life,Karen E. Fields and Barbara J. Fields,Author,Ebook,"February 1, 2022"
Racial Fictions,Hazel V. Carby,Author,Ebook,"November 1, 2025"
Radical Cities: Across Latin America in Search of a New Architecture,Justin McGuirk,Author,Ebook,"June 18, 2015"
Radical Hamilton: Economic Lessons from a Misunderstood Founder,Christian Parenti,Author,Ebook,"July 31, 2020"
Radical Technologies: The Design of Everyday Life,Adam Greenfield,Author,Ebook,"July 28, 2017"
Radio Benjamin,Walter Benjamin; Lecia Rosenthal,Editor,Ebook,"December 31, 2015"
Radius: A Story of Feminist Revolution,Yasmin El-Rifae,Author,Ebook,"October 1, 2022"
Rationality and Irrationality in Economics,Maurice Godelier,Author,Ebook,"June 18, 2015"
Raymond Chandler: The Detections of Totality,Fredric Jameson,Author,Ebook,"December 31, 2016"
Read My Desire: Lacan Against the Historicists,Joan Copjec,Author,Ebook,"September 28, 2018"
Rebel Cities: From the Right to the City to the Urban Revolution,David Harvey,Author,Ebook,"June 18, 2015"
Red Africa: Reclaiming Revolutionary Black Politics,Kevin Ochieng Okoth,Author,Ebook,"October 1, 2023"
Red Flag Wounded: Stalinism and the Fate of the Soviet Experiment,Ronald Suny,Author,Ebook,"July 31, 2020"
Red Friends: Internationalists in China's Struggle for Liberation,John Sexton,Author,Ebook,"February 3, 2023"
Red List: MI5 and British Intellectuals in the Twentieth Century,David Caute,Author,Ebook,"May 2, 2022"
Red Valkyries: Feminist Lessons From Five Revolutionary Women,Kristen Ghodsee,Author,Ebook,"July 1, 2022"
Redemption Song: Muhammad Ali and the Spirit of the Sixties,Mike Marqusee,Author,Ebook,"July 28, 2017"
Religion and the Rise of Capitalism,R. H. Tawney,Author,Ebook,"December 31, 2015"
"Rentier Capitalism: Who Owns the Economy, and Who Pays for It?",Brett Christophers,Author,Ebook,"November 1, 2020"
Repetition: A Novel,Vigdis Hjorth,Author,Ebook,"March 1, 2026"
Representing 'Capital': A Reading of Volume One,Fredric Jameson,Author,Ebook,"June 18, 2015"
Revolution and Counterrevolution in China: The Paradoxes of Chinese Struggle,Lin Chun,Author,Ebook,"September 1, 2021"
Revolution in the Age of Social Media: The Egyptian Popular Insurrection and the Internet,Linda Herrera,Author,Ebook,"March 31, 2016"
Revolution in the Revolution?,Régis Debray,Author,Ebook,"December 31, 2017"
Revolution: An Intellectual History,Enzo Traverso,Author,Ebook,"October 1, 2021"
Revolutionary Feminisms: Conversations on Collective Action and Radical Thought,Brenna Bhandar and Rafeef Ziadah,Editor,Ebook,"July 31, 2020"
"Revolutionary Mathematics: Artificial Intelligence, Statistics and the Logic of Capitalism",Justin Joque,Author,Ebook,"January 2, 2022"
Riot. Strike. Riot: The New Era of Uprisings,Joshua Clover,Author,Ebook,"December 31, 2016"
Road to Nowhere: What Silicon Valley Gets Wrong about the Future of Transportation,Paris Marx,Author,Ebook,"July 1, 2022"
Road to October 7: A Brief History of Palestinian Islamism,Erik Skare,Author,Ebook,"May 1, 2025"
Rogue Elephant: How Republicans Went from the Party of Business to the Party of Chaos,Paul Heideman,Author,Ebook,"November 1, 2025"
Ruling the Void: The Hollowing of Western Democracy,Peter Mair,Author,Ebook,"December 31, 2016"
"Russia without Putin: Money, Power and the Myths of the New Cold War",Tony Wood,Author,Ebook,"April 1, 2022"
Scam: Inside Southeast Asia's Cybercrime Compounds,"Mark Bo, Ivan Franceschini and Ling Li",Author,Ebook,"July 1, 2025"
Scorched Earth: Beyond the Digital Age to a Post-Capitalist World,Jonathan Crary,Author,Ebook,"April 1, 2022"
Scotland After Britain: The Two Souls of Scottish Independence,"Neil Davidson, James Foley and Ben Wray",Author,Ebook,"August 1, 2022"
Screened Out,Jean Baudrillard,Author,Ebook,"June 18, 2015"
Searching for Socialism: The Project of the Labour New Left from Benn to Corbyn,Colin Leys and Leo Panitch,Author,Ebook,"December 2, 2020"
Seizing Freedom: Slave Emancipation and Liberty for All,David R. Roediger,Author,Ebook,"December 31, 2015"
Self-Defense: A Philosophy of Violence,Elsa Dorlin,Author,Ebook,"September 1, 2022"
Selling Social Justice: Why the Rich Love Antiracism,Jennifer C. Pan,Author,Ebook,"May 1, 2025"
Sensoria: Thinkers for the Twentieth-first Century,McKenzie Wark,Author,Ebook,"July 31, 2020"
Separate and Dominate: Feminism and Racism after the War on Terror,Christine Delphy,Author,Ebook,"December 31, 2015"
Set Fear on Fire: The Feminist Call That Set the Americas Ablaze,LASTESIS,Author,Ebook,"March 1, 2023"
Set My Heart on Fire,Izumi Suzuki,Author,Ebook,"November 1, 2024"
Set the Night on Fire: L.A. in the Sixties,Mike Davis and Jon Wiener,Author,Ebook,"December 2, 2020"
Sexuality in the Field of Vision,Jacqueline Rose,Author,Ebook,"October 1, 2020"
Share the Wealth: How to End Rentier Capitalism,Philippe Askenazy,Author,Ebook,"January 4, 2021"
Shattered Nation: Inequality and the Geography of A Failing State,Danny Dorling,Author,Ebook,"September 1, 2023"
"Shipping Lords and Coolie Stokers: Class, Race, and Maritime Capitalism in the Early Twentieth Century",Ravi Ahuja,Author,Ebook,"October 1, 2024"
Silicon Values: The Future of Free Speech Under Surveillance Capitalism,Jillian C. York,Author,Ebook,"March 1, 2021"
"Simple Forms: Legend, Saga, Myth, Riddle, Saying, Case, Memorabile, Fairytale, Joke",André Jolles,Author,Ebook,"July 28, 2017"
Sinews of War and Trade: Shipping and Capitalism in the Arabian Peninsula,Laleh Khalili,Author,Ebook,"December 2, 2020"
Sing to the Western Wind: A Novel,Tariq Mehmood,Author,Ebook,"June 1, 2025"
Snowden's Box: Trust in the Age of Surveillance,Jessica Bruder and Dale Maharidge,Author,Ebook,"December 2, 2020"
Soldiers of Revolution: The Franco-Prussian War and the Paris Commune,Mark Lause,Author,Ebook,"January 2, 2022"
Someone Else's Empire: British Illusions and American Hegemony,Tom Stevenson,Author,Ebook,"November 1, 2023"
Space Forces: A Critical History of Life in Outer Space,Fred Scharmen,Author,Ebook,"November 1, 2021"
Spaces of Global Capitalism: A Theory of Uneven Geographical Development,David Harvey,Author,Ebook,"July 28, 2019"
Speak Out!: The Brixton Black Women's Group,Brixton Black Women's Group; Milo Miller,Editor,Ebook,"October 1, 2023"
Splinters in Your Eye: Frankfurt School Provocations,Martin Jay,Author,Ebook,"July 9, 2020"
St. Paul: A Screenplay,Pier Paolo Pasolini; Elizabeth A. Castelli,Editor,Ebook,"October 1, 2025"
State of Insecurity: Government of the Precarious,Isabell Lorey,Author,Ebook,"December 31, 2015"
Stealing Horses to Great Applause: The Origins of the First World War Reconsidered,Paul W. Schroeder,Author,Ebook,"February 1, 2025"
Stone Men: The Palestinians Who Built Israel,Andrew Ross,Author,Ebook,"April 1, 2021"
Storytelling: Bewitching the Modern Mind,Christian Salmon,Author,Ebook,"July 28, 2017"
Straight Sex: Rethinking the Politics of Pleasure,Lynne Segal,Author,Ebook,"December 31, 2015"
Street-Fighting Years: An Autobiography of the Sixties,Tariq Ali,Author,Ebook,"November 1, 2024"
Supercommunity: Diabolical Togetherness Beyond Contemporary Art,E-Flux,Author,Ebook,"December 31, 2017"
Sylvia Pankhurst: Sexual Politics and Political Activism,Barbara Winslow,Author,Ebook,"July 1, 2021"
Systems Ultra: Making Sense of Technology in a Complex World,Georgina Voss,Author,Ebook,"January 1, 2024"
"Taking A Long Look: Essays on Culture, Literature, and Feminism in Our Time",Vivian Gornick,Author,Ebook,"March 1, 2021"
Taking Back Control?: States and State Systems After Globalism,Wolfgang Streeck,Author,Ebook,"November 1, 2024"
Tear Gas: From the Battlefields of World War I to the Streets of Today,Anna Feigenbaum,Author,Ebook,"December 31, 2017"
Ten Myths About Israel,Ilan Pappe,Author,Ebook,"May 24, 2021"
Terminal Boredom: Stories,Izumi Suzuki,Author,Ebook,"April 1, 2021"
"The ""S"" Word: A Short History of an American Tradition...Socialism",John Nichols,Author,Ebook,"December 31, 2015"
The ABCs of Socialism,Bhaskar Sunkara,Editor,Ebook,"December 31, 2016"
The Absence of Myth: Writings on Surrealism,Georges Bataille,Author,Ebook,"November 1, 2024"
The Actuality of Communism,Bruno Bosteels,Author,Ebook,"December 31, 2016"
The Adventure of French Philosophy,Alain Badiou; Bruno Bosteels,Editor,Ebook,"March 1, 2022"
The Age of Precarity: Endless Crisis as an Art of Government,Dario Gentili,Author,Ebook,"August 1, 2021"
The Age of Violence: The Crisis of Political Action and the End of Utopia,Alain Bertho,Author,Ebook,"July 28, 2019"
The Agrarian Sociology of Ancient Civilizations,Max Weber,Author,Ebook,"December 31, 2016"
The Alibi of Capital: How We Broke the Earth to Steal the Future on the Promise of a Better Tomorrow,Timothy Mitchell,Author,Ebook,"March 1, 2026"
The Amateur: The Pleasures of Doing What You Love,Andy Merrifield,Author,Ebook,"July 28, 2017"
"The American Crucible: Slavery, Emancipation and Human Rights",Robin Blackburn,Author,Ebook,"December 31, 2016"
The Amistad Rebellion: An Atlantic Odyssey of Slavery and Freedom,Marcus Rediker,Author,Ebook,"December 31, 2016"
The Ancients and the Postmoderns: On the Historicity of Forms,Fredric Jameson,Author,Ebook,"June 18, 2015"
The Anthropocene Unconscious: Climate Catastrophe Culture,Mark Bould,Author,Ebook,"November 1, 2021"
The Anti-Inauguration: Building Resistance in the Trump Era,,Author,Ebook,"July 28, 2017"
The Anti-Social Family,Michèle Barrett and Mary McIntosh,Author,Ebook,"May 14, 2020"
The Antinomies of Antonio Gramsci,Perry Anderson,Author,Ebook,"July 28, 2017"
The Antinomies of Realism,Fredric Jameson,Author,Ebook,"June 18, 2015"
The Apocalypse and the End of History: Modern Jihad and the Crisis of Liberalism,Suzanne Schneider,Author,Ebook,"September 1, 2021"
"The Arcana of Reproduction: Housewives, Prostitutes, Workers and Capital",Leopoldina Fortunati,Author,Ebook,"March 1, 2025"
The Art of Asking Your Boss for a Raise,Georges Perec,Author,Ebook,"June 1, 2025"
The Assassination of Lumumba,Ludo De Witte,Author,Ebook,"October 1, 2022"
The Automatic Fetish: The Law of Value in Marx's Capital,Beverley Best,Author,Ebook,"June 1, 2024"
The Autonomous City: A History of Urban Squatting,Alexander Vasudevan,Author,Ebook,"December 1, 2022"
The BBC: Myth of a Public Service,Tom Mills,Author,Ebook,"September 1, 2020"
The Beach Beneath the Street: The Everyday Life and Glorious Times of the Situationist International,McKenzie Wark,Author,Ebook,"December 31, 2016"
The Beast: Riding the Rails and Dodging Narcos on the Migrant Trail,Óscar Martínez,Author,Ebook,"December 31, 2015"
The Beautiful Struggle: A Memoir,Ta-Nehisi Coates,Author,Ebook,"December 31, 2016"
The Benjamin Files,Fredric Jameson,Author,Ebook,"November 1, 2020"
The Black Romantic Revolution: Abolitionist Poets at the End of Slavery,Matthew F. Sandler,Author,Ebook,"September 1, 2020"
The Bonds of Debt: Borrowing Against the Common Good,Richard Dienst,Author,Ebook,"July 28, 2017"
The Bourgeois: Between History and Literature,Franco Moretti,Author,Ebook,"December 31, 2015"
The Boy Who Could Change the World: The Writings of Aaron Swartz,Aaron Swartz,Author,Ebook,"March 31, 2016"
The Break-Up of Britain: Crisis and Neo-Nationalism,Tom Nairn,Author,Ebook,"June 1, 2021"
The Brexit Crisis: A Verso Report,Verso Books UK,Editor,Ebook,"July 12, 2016"
The Cameroon War: A History of French Neocolonialism in Africa,"Thomas Deltombe, Manuel Domergue and Jacob Tatsitsa",Author,Ebook,"August 1, 2025"
The Captains' Coup: From Dictatorship to Democracy in Portugal (1974-1976),Wilfred Burchett; Daniela Melo and Timothy Walker,Editor,Ebook,"April 1, 2025"
The Care Crisis: What Caused It and How Can We End It?,Emma Dowling,Author,Ebook,"January 4, 2021"
The Care Manifesto: The Politics of Interdependence,The Care Collective,Author,Ebook,"September 1, 2020"
The Case for the Green New Deal,Ann Pettifor,Author,Ebook,"September 1, 2020"
The Choice of Civil War: Neoliberal Strategy and the Politics of the Enemy,"Pierre Dardot, Haud Guéguen, Christian Laval and Pierre Sauvêtre",Author,Ebook,"February 1, 2026"
The Choreography of Everyday Life,Annie-B Parson,Author,Ebook,"October 1, 2022"
The City: London and the Global Power of Finance,Tony Norfield,Author,Ebook,"December 31, 2016"
"The Clash of Fundamentalisms: Crusades, Jihads and Modernity",Tariq Ali,Author,Ebook,"December 1, 2021"
The Common Wind: Afro-American Currents in the Age of the Haitian Revolution,Julius S. Scott,Author,Ebook,"September 1, 2020"
The Commune Form: The Transformation of Everyday Life,Kristin Ross,Author,Ebook,"September 1, 2024"
The Communist Horizon,Jodi Dean,Author,Ebook,"July 28, 2019"
The Communist Hypothesis,Alain Badiou,Author,Ebook,"June 18, 2015"
The Communist Manifesto / The April Theses,"Friedrich Engels, V. I. Lenin and Karl Marx",Author,Ebook,"January 2, 2022"
The Communist Postscript,Boris Groys,Author,Ebook,"August 1, 2022"
"The Complete Works of Rosa Luxemburg Volume III: Political Writings 1, On Revolution 1897–1905","Rosa Luxemburg; Axel Fair-Schulz, Peter Hudis and William A. Pelz",Editor,Ebook,"November 1, 2022"
"The Complete Works of Rosa Luxemburg Volume IV: Political Writings 2, On Revolution 1906-1909",Rosa Luxemburg; Peter Hudis and Sandra Rein,Editor,Ebook,"March 1, 2022"
"The Complete Works of Rosa Luxemburg Volume V: Political Writings 3, On Revolution 1910–1919",Rosa Luxemburg; Paul Le Blanc and Helen C. Scott,Editor,Ebook,"May 1, 2024"
The Comrade from Milan,Rossana Rossanda,Author,Ebook,"October 1, 2020"
"The Concept of the Social: Scepticism, Idleness and Utopia",Malcolm Bull,Author,Ebook,"October 1, 2021"
The Contours of American History,William Appleman Williams,Author,Ebook,"June 18, 2015"
The Corona Crash: How the Pandemic Will Change Capitalism,Grace Blakeley,Author,Ebook,"October 1, 2020"
The Cost of Living Crisis: (and how to get out of it),"Costas Lapavitsas, James Meadway and Doug Nicholls",Author,Ebook,"June 1, 2023"
The Cultural Marxism Conspiracy: Why the Right Blames the Frankfurt School for the Decline of the West,A.J.A. Woods,Author,Ebook,"May 1, 2026"
"The Cultural Turn: Selected Writings on the Postmodern, 1983-1998",Fredric Jameson,Author,Ebook,"December 1, 2024"
The Curious Enlightenment of Professor Caritat: A Novel of Ideas,Steven Lukes,Author,Ebook,"June 18, 2015"
"The Darkest Days: The Truth Behind Britain’s Rush to War, 1914",Douglas Newton,Author,Ebook,"December 31, 2015"
The Destruction of Palestine Is the Destruction of the Earth,Andreas Malm,Author,Ebook,"January 1, 2025"
The Destruction of Reason,Georg Lukács,Author,Ebook,"August 1, 2021"
The Dialectic of Sex: The Case for Feminist Revolution,Shulamith Firestone,Author,Ebook,"December 31, 2015"
The Dignity of Chartism,Dorothy Thompson; Stephen Roberts,Editor,Ebook,"December 31, 2016"
The Disappearance of Josef Mengele: A Novel,Olivier Guez,Author,Ebook,"August 1, 2022"
The Double Shift: Spinoza and Marx on the Politics of Work,Jason Read,Author,Ebook,"March 1, 2024"
The Dreadful History and Judgement of God on Thomas Müntzer: The Life and Times of an Early German Revolutionary,Andrew Drummond,Author,Ebook,"February 1, 2024"
The Earth: From Myths to Knowledge,Hubert Krivine,Author,Ebook,"June 18, 2015"
The Emancipated Spectator,Jacques Rancière,Author,Ebook,"March 1, 2021"
The Empire of Civil Society: A Critique of the Realist Theory of International Relations,Justin Rosenberg,Author,Ebook,"November 1, 2024"
The End of Policing,Alex S. Vitale,Author,Ebook,"June 1, 2020"
"The End: Marx, Darwin, and the Natural History of the Climate Crisis",Joel Wainwright,Author,Ebook,"December 1, 2025"
The Enemy Within: The Secret War Against the Miners,Seumas Milne,Author,Ebook,"June 18, 2015"
The Exform,Nicolas Bourriaud,Author,Ebook,"July 28, 2017"
The Experience of Defeat: Milton and Some Contemporaries,Christopher Hill,Author,Ebook,"July 28, 2017"
The Eye of the Master: A Social History of Artificial Intelligence,Matteo Pasquinelli,Author,Ebook,"October 1, 2023"
The Fall and Rise of American Finance: from J.P. Morgan to Blackrock,Scott Aquanno and Stephen Maher,Author,Ebook,"February 1, 2024"
The Fearless Benjamin Lay: The Quaker Dwarf Who Became the First Revolutionary Abolitionist,Marcus Rediker,Author,Ebook,"December 31, 2017"
The Fiery Brook: Selected Writings,Ludwig Feuerbach,Author,Ebook,"December 31, 2015"
"The Fiery Spirits: Popular Protest, Parliament and the English Revolution",John Rees,Author,Ebook,"April 1, 2025"
"The Fight for the Soul of the Democratic Party: The Enduring Legacy of Henry Wallace's Anti-Fascist, Anti-Racist Politics",John Nichols,Author,Ebook,"December 2, 2020"
The Flowers of Evil: The Definitive English Language Edition,Charles Baudelaire; Nathan Brown,Editor,Ebook,"December 1, 2024"
The Force of Nonviolence: An Ethico-Political Bind,Judith Butler,Author,Ebook,"December 2, 2020"
The Formation of the Economic Thought of Karl Marx: 1843 to Capital,Ernest Mandel,Author,Ebook,"September 2, 2019"
The Forty-Year War in Afghanistan: A Chronicle Foretold,Tariq Ali,Author,Ebook,"December 1, 2021"
The Frontman: Bono (In the Name of Power),Harry Browne,Author,Ebook,"December 31, 2016"
The Future,Marc Augé,Author,Ebook,"June 18, 2015"
The Future is Degrowth: A Guide to a World Beyond Capitalism,"Matthias Schmelzer, Aaron Vansintjan and Andrea Vetter",Author,Ebook,"June 1, 2022"
The Future of Revolution: Communist Prospects from the Paris Commune to the George Floyd Uprising,Jasper Bernes,Author,Ebook,"May 1, 2025"
"The General Theory of Employment, Interest and Money: A Reader's Companion",Geoff Mann,Author,Ebook,"July 28, 2017"
The Global Casino: How Wall Street Gambles with People and the Planet,Ann Pettifor,Author,Ebook,"January 1, 2026"
The Good Die Young: The Verdict on Henry Kissinger,"Rene Rojas, Bhaskar Sunkara and Jonah Walters",Editor,Ebook,"February 1, 2024"
"The Great Adaptation: Climate, Capitalism and Catastrophe",Romain Felli,Author,Ebook,"July 1, 2021"
The Great Recoil: Politics after Populism and Pandemic,Paolo Gerbaudo,Author,Ebook,"August 1, 2021"
The Groundings With My Brothers,Walter Rodney,Author,Ebook,"September 1, 2020"
The H-Word: The Peripeteia of Hegemony,Perry Anderson,Author,Ebook,"July 28, 2017"
The Haitian Revolution,Toussaint L'Ouverture; Nick Nesbitt,Editor,Ebook,"December 1, 2023"
"The Hamlet Doctrine: Knowing Too Much, Doing Nothing",Simon Critchley and Jamieson Webster,Author,Ebook,"December 31, 2015"
The Happiness Industry: How the Government and Big Business Sold Us Well-Being,William Davies,Author,Ebook,"December 31, 2015"
The Hard Road to Renewal: Thatcherism and the Crisis of the Left,Stuart Hall,Author,Ebook,"August 1, 2021"
The Hegel Variations: On the Phenomenology of Spirit,Fredric Jameson,Author,Ebook,"July 28, 2017"
The Hidden Injuries of Class,Jonathan Cobb and Richard Sennett,Author,Ebook,"February 3, 2023"
The History of Disruption: Social Struggle in the Atlantic World,Mehmet Dosemeci,Author,Ebook,"October 1, 2024"
The Holocaust Industry: Reflections on the Exploitation of Jewish Suffering,Norman G. Finkelstein,Author,Ebook,"May 1, 2024"
The Homegrown City: Reclaiming the Metropolis for its Users,Matias Echanove and Rahul Srivastava,Author,Ebook,"January 1, 2026"
The Idea of Israel: A History of Power and Knowledge,Ilan Pappe,Author,Ebook,"October 1, 2025"
The Imperial Mode of Living: Everyday Life and the Ecological Crisis of Capitalism,Ulrich Brand and Markus Wissen,Author,Ebook,"January 4, 2021"
The Impostor: BHL in Wonderland,Jade Lindgaard and Xavier de la Porte,Author,Ebook,"December 31, 2016"
The Indian Ideology,Perry Anderson,Author,Ebook,"July 1, 2021"
The Intellectual and His People: Staging the People Volume 2,Jacques Rancière,Author,Ebook,"March 1, 2021"
The Internet Con: How to Seize the Means of Computation,Cory Doctorow,Author,Ebook,"September 1, 2023"
The Invention of Paris: A History in Footsteps,Eric Hazan,Author,Ebook,"June 18, 2015"
The Invention of Sicily: A Mediterranean History,Jamie Mackay,Author,Ebook,"July 1, 2021"
"The Invention of Terrorism in Europe, Russia, and the United States",Carola Dietze,Author,Ebook,"June 1, 2021"
The Invention of the Jewish People,Shlomo Sand,Author,Ebook,"July 31, 2020"
The Invention of the White Race: The Origin of Racial Oppression,Theodore W. Allen,Author,Ebook,"November 1, 2021"
The Jail is Everywhere: Fighting the New Geography of Mass Incarceration,"Jack Norton, Lydia Pelot-Hobbs and Judah Schept",Author,Ebook,"January 1, 2024"
The Jewelers of the Ummah: A Potential History of the Jewish Muslim World,Ariella Aïsha Azoulay,Author,Ebook,"September 1, 2024"
The Killing of Gaza: Reports on a Catastrophe,Gideon Levy,Author,Ebook,"October 1, 2024"
The Knowledge Economy,Roberto Mangabeira Unger,Author,Ebook,"June 1, 2022"
"The Last Communard: Adrien Lejeune, the Unexpected Life of a Revolutionary",Gavin Bowd,Author,Ebook,"December 31, 2016"
The Last Man Takes LSD: Foucault and the End of Revolution,Mitchell Dean and Daniel Zamora,Author,Ebook,"May 3, 2021"
The Last Neoliberal: Macron and the Origins of France's Political Crisis,Bruno Amable and Stefano Palombarini,Author,Ebook,"March 1, 2021"
The Last Sane Woman,Hannah Regel,Author,Ebook,"July 1, 2024"
"The Late Marx’s Revolutionary Roads: Colonialism, Gender, and Indigenous Communism",Kevin B. Anderson,Author,Ebook,"April 1, 2025"
The Left Hemisphere: Mapping Critical Theory Today,Razmig Keucheyan,Author,Ebook,"December 31, 2015"
The Lenin Scenario,Tariq Ali,Author,Ebook,"January 1, 2024"
The Limits to Capital,David Harvey,Author,Ebook,"July 28, 2019"
The Lives of Things,José Saramago,Author,Ebook,"June 18, 2015"
The Long Heat: Climate Politics When It’s Too Late,Wim Carton and Andreas Malm,Author,Ebook,"October 1, 2025"
The Lost World of British Communism,Raphael Samuel,Author,Ebook,"July 28, 2017"
The Making of an Atlantic Ruling Class,Kees Van Der Pijl,Author,Ebook,"June 18, 2015"
The Making of Global Capitalism: The Political Economy of American Empire,Sam Gindin and Leo Panitch,Author,Ebook,"June 18, 2015"
"The Making of New World Slavery: From the Baroque to the Modern, 1492-1800",Robin Blackburn,Author,Ebook,"December 1, 2021"
The Man Who Closed the Asylums: Franco Basaglia and the Revolution in Mental Health Care,John Foot,Author,Ebook,"August 1, 2023"
"The Management of Savagery: How America’s National Security State Fueled the Rise of Al Qaeda, ISIS, and Donald Trump",Max Blumenthal,Author,Ebook,"July 9, 2020"
The Master's Tools: How Finance Wrecked Democracy (And a Radical Plan to Rebuild It),Michael A. McCarthy,Author,Ebook,"January 1, 2025"
The Melancholy Science: An Introduction to the Thought of Theodor W. Adorno,Gillian Rose,Author,Ebook,"December 31, 2017"
The Ministry of Nostalgia: Consuming Austerity,Owen Hatherley,Author,Ebook,"December 31, 2016"
The Modernist Papers,Fredric Jameson,Author,Ebook,"December 31, 2016"
The Moment of Cubism,John Berger,Author,Ebook,"April 1, 2026"
"The Monster Enters: COVID-19, Avian Flu, and the Plagues of Capitalism",Mike Davis,Author,Ebook,"February 1, 2022"
The Most Dangerous Man in Britain?: The Political Writing,Tony Benn,Author,Ebook,"April 1, 2025"
The New Economy Starter Pack,Autonomy,Editor,Ebook,"March 21, 2020"
The New Faces of Fascism: Populism and the Far Right,Enzo Traverso,Author,Ebook,"July 28, 2019"
The New Old World,Perry Anderson,Author,Ebook,"June 18, 2015"
The New Prophets of Capital,Nicole Aschoff,Author,Ebook,"December 31, 2015"
The New Way of the World: On Neoliberal Society,Pierre Dardot and Christian Laval,Author,Ebook,"July 28, 2017"
The Next Crisis: What We Think About the Future,Danny Dorling,Author,Ebook,"June 1, 2025"
The Next Revolution: Popular Assemblies and the Promise of Direct Democracy,Murray Bookchin; Debbie Bookchin and Blair Taylor,Editor,Ebook,"December 31, 2015"
The Northern Question: A History of a Divided Country,Tom Hazeldine,Author,Ebook,"October 1, 2020"
The Notion of Authority,Alexandre Kojève; Francois Terré,Editor,Ebook,"October 1, 2020"
The Oil Road: Journeys from the Caspian Sea to the City of London,James Marriott and Mika Minio-Paluello,Author,Ebook,"December 31, 2016"
The Old Is Dying and the New Cannot Be Born: From Progressive Neoliberalism to Trump and Beyond,Nancy Fraser,Author,Ebook,"July 28, 2019"
The Origin of Capitalism: A Longer View,Ellen Meiksins Wood,Author,Ebook,"July 28, 2017"
The Origin of German Tragic Drama,Walter Benjamin,Author,Ebook,"August 1, 2023"
"The Origin of the Family, Private Property and the State",Friedrich Engels,Author,Ebook,"August 1, 2021"
The Palestine Laboratory: How Israel Exports the Technology of Occupation Around the World,Antony Loewenstein,Author,Ebook,"May 14, 2023"
The Panthers Can't Save Us Now: Debating Left Politics and Black Lives Matter,Cedric G. Johnson,Author,Ebook,"February 1, 2022"
The Paris Commune: A Global History,Quentin Deluermoz,Author,Ebook,"June 1, 2026"
The Parthenon Marbles: The Case for Reunification,Christopher Hitchens,Author,Ebook,"February 1, 2025"
The Party's Over: The Rise and Fall of the Conservatives from Thatcher to Sunak,Phil Burton-Cartledge,Author,Ebook,"September 1, 2021"
The Passion of Bradley Manning: The Story Behind the Wikileaks Whistleblower,Chase Madar,Author,Ebook,"December 31, 2015"
The People Are Not an Image: Vernacular Video After the Arab Spring,Peter Snowdon,Author,Ebook,"September 1, 2020"
The Philosophy of Marx,Étienne Balibar,Author,Ebook,"July 28, 2017"
The Politics and Poetics of Everyday Life,Kristin Ross,Author,Ebook,"May 14, 2023"
The Politics of Friendship,Jacques Derrida,Author,Ebook,"October 1, 2020"
The Politics of Immunity: Security and the Policing of Bodies,Mark Neocleous,Author,Ebook,"March 1, 2022"
The Poorer Nations: A Possible History of the Global South,Vijay Prashad,Author,Ebook,"December 31, 2016"
The Populist Moment: The Left After the Great Recession,Arthur Borriello and Anton Jäger,Author,Ebook,"September 1, 2023"
The Poverty of Ethics,Anat Matar,Author,Ebook,"July 1, 2022"
The Price is Wrong: Why Capitalism Won't Save the Planet,Brett Christophers,Author,Ebook,"April 1, 2024"
The Prisoner: A Memoir,Hwang Sok-yong,Author,Ebook,"August 1, 2021"
The Pristine Culture of Capitalism: A Historical Essay on Old Regimes and Modern States,Ellen Meiksins Wood,Author,Ebook,"December 31, 2015"
"The Problem of Personhood: Giving Rights to Trees, Corporations and Robots",Lisa Siraganian,Author,Ebook,"March 1, 2026"
The Production of Money: How to Break the Power of Bankers,Ann Pettifor,Author,Ebook,"December 31, 2017"
The Rebirth of History: Times of Riots and Uprisings,Alain Badiou,Author,Ebook,"December 31, 2016"
"The Reckoning: From the Second Slavery to Abolition, 1776-1888",Robin Blackburn,Author,Ebook,"March 1, 2024"
"The Red Years: Theory, Politics, and Aesthetics in the Japanese ’68",Gavin Walker,Editor,Ebook,"November 1, 2020"
The Religion of the Future,Roberto Mangabeira Unger,Author,Ebook,"December 31, 2016"
The Rest and the West: Capital and Power in a Multipolar World,Sandro Mezzadra and Brett Neilson,Author,Ebook,"November 1, 2024"
The Return of the Political,Chantal Mouffe,Author,Ebook,"September 29, 2020"
The Revenge of the Real: Politics for a Post-Pandemic World,Benjamin Bratton,Author,Ebook,"June 1, 2021"
The Right to the City: A Verso Report,Verso Books UK,Editor,Ebook,"December 31, 2017"
The Rise and Decline of Patriarchal Systems: An Intersectional Political Economy,Nancy Folbre,Author,Ebook,"February 1, 2021"
The Rise and Fall of Swedish Social Democracy,Kjell Östberg,Author,Ebook,"April 1, 2024"
The Rise of a New Left: How Young Radicals Are Shaping the Future of American Politics,Raina Lipsitz,Author,Ebook,"September 1, 2022"
"The Rising of the Women: Feminist Solidarity and Class Conflict, 1880-1917",Meredith Tax,Author,Ebook,"April 1, 2022"
The Romance of American Communism,Vivian Gornick,Author,Ebook,"December 2, 2020"
The Ruthless Critique of Everything Existing: Nature and Revolution in Marcuse's Philosophy of Praxis,Andrew Feenberg,Author,Ebook,"February 3, 2023"
The Secret World of Oil,Ken Silverstein,Author,Ebook,"December 31, 2015"
The Shadow of the Mine: Coal and the End of Industrial Britain,Huw Beynon and Ray Hudson,Author,Ebook,"June 1, 2021"
"The Shock of the Anthropocene: The Earth, History and Us",Christophe Bonneuil and Jean-Baptiste Fressoz,Author,Ebook,"December 31, 2016"
The Social Photo: On Photography and Social Media,Nathan Jurgenson,Author,Ebook,"July 28, 2019"
The Socialist Manifesto: The Case for Radical Politics in an Era of Extreme Inequality,Bhaskar Sunkara,Author,Ebook,"July 28, 2019"
The South: Jim Crow and Its Afterlives,Adolph L. Reed Jr.,Author,Ebook,"February 1, 2022"
The Soviet Century,Moshe Lewin; Gregory Elliott,Editor,Ebook,"December 31, 2016"
"The Spoils of War: Power, Profit and the American War Machine",Andrew Cockburn,Author,Ebook,"September 1, 2021"
The Starmer Project: A Journey to the Right,Oliver Eagleton,Author,Ebook,"April 1, 2022"
The State and Revolution: The Marxist Theory of the State and the Tasks of the Proletariat in the Revolution,V. I. Lenin,Author,Ebook,"January 1, 2024"
"The State of Capitalism: Economy, Society, and Hegemony",The EReNSEP Writing Collective and Costas Lapavitsas,Author,Ebook,"August 1, 2023"
The States of the Earth: An Ecological and Racial History of Secularization,Mohamed Amer Meziane,Author,Ebook,"April 1, 2024"
The Story of Capital: What Everyone Should Know About How Capital Works,David Harvey,Author,Ebook,"March 1, 2026"
"The Story of Vicente, Who Murdered His Mother, His Father, and His Sister: Life and Death in Juárez",Sandra Rodríguez Nieto,Author,Ebook,"December 31, 2015"
The Storyteller: Tales out of Loneliness,"Walter Benjamin; Sam Dolbear, Esther Leslie and Sebastian Truskolaski",Editor,Ebook,"March 1, 2023"
The Third Unconscious: The Psychosphere in the Viral Age,Franco Berardi,Author,Ebook,"October 1, 2021"
The Tomb of Oedipus: Why Greek Tragedies Were not Tragic,William Marx,Author,Ebook,"October 1, 2022"
"The Total Art of Stalinism: Avant-Garde, Aesthetic Dictatorship, and Beyond",Boris Groys,Author,Ebook,"December 31, 2016"
The Tragedy of the Worker: Towards the Proletarocene,"Jamie Allinson, China Miéville, Richard Seymour and Rosie Warren",Author,Ebook,"July 1, 2021"
The Trial of Julian Assange: A Story of Persecution,Nils Melzer,Author,Ebook,"February 1, 2022"
The Twilight of Unionism: Ulster and the Future of Northern Ireland,Geoffrey Bell,Author,Ebook,"November 1, 2022"
The US Antifascism Reader,Bill Mullen and Christopher Vials,Editor,Ebook,"June 19, 2020"
The Uses of Disorder: Personal Identity and City Life,Richard Sennett,Author,Ebook,"November 1, 2021"
The Verso Book of Dissent: Revolutionary Words from Three Millennia of Rebellion and Resistance,Andrew Hsiao and Audrea Lim,Editor,Ebook,"December 31, 2016"
The Verso Book of Feminism: Revolutionary Words from Four Millennia of Rebellion,Jessie Kindig,Editor,Ebook,"October 1, 2020"
The View from the Train: Cities and Other Landscapes,Patrick Keiller,Author,Ebook,"June 18, 2015"
The Vote: How It Was Won and How It Was Undermined,Paul Foot,Author,Ebook,"May 1, 2024"
The Wages of Whiteness: Race and the Making of the American Working Class,David R. Roediger,Author,Ebook,"November 1, 2022"
The Walker: On Finding and Losing Yourself in the Modern City,Matthew Beaumont,Author,Ebook,"November 1, 2020"
The War of Art: A History of Artists' Protest In America,Lauren O'Neill-Butler,Author,Ebook,"July 1, 2025"
The WikiLeaks Files: The World According to US Empire,WikiLeaks,Author,Ebook,"March 31, 2016"
The World and Us,Roberto Mangabeira Unger,Author,Ebook,"March 1, 2024"
The World in a Grain of Sand: Postcolonial Literature and Radical Universalism,Nivedita Majumdar,Author,Ebook,"May 3, 2021"
The World in a Selfie: An Inquiry into the Tourist Age,Marco d’Eramo,Author,Ebook,"March 1, 2021"
The World Turned Inside Out: Settler Colonialism as a Political Idea,Lorenzo Veracini,Author,Ebook,"September 1, 2021"
The Xenofeminist Manifesto: A Politics for Alienation,Laboria Cuboniks,Author,Ebook,"December 31, 2018"
The Year of Dreaming Dangerously,Slavoj Žižek,Author,Ebook,"June 18, 2015"
The Years of Theory: Postwar French Thought to the Present,Fredric Jameson; Carson Welch,Editor,Ebook,"October 1, 2024"
The Zone: An Alternative History of Paris,Justinien Tribillon,Author,Ebook,"July 1, 2024"
There Is No Outside: Covid-19 Dispatches,Verso Books US and N+1,Author,Ebook,"May 24, 2020"
They Call It Love: The Politics of Emotional Life,Alva Gotby,Author,Ebook,"December 1, 2022"
Thinking in a Pandemic: The Crisis of Science and Policy in the Age of COVID-19,Boston Review,Editor,Ebook,"February 1, 2021"
Thirst: The Global Quest to Solve the Water Crisis,Filippo Menga,Author,Ebook,"July 1, 2025"
This Fiction Called Nigeria: The Struggle for Democracy,Adéwálé Májà-Pearce,Author,Ebook,"October 1, 2024"
This is Not Normal: The Collapse of Liberal Britain,William Davies,Author,Ebook,"October 1, 2020"
Thomas Piketty's 'Capital in the Twenty-First Century': An Introduction,Stephan Kaufmann and Ingo Stützle,Author,Ebook,"December 31, 2017"
Tokens: The Future of Money in the Age of the Platform,Rachel O'Dwyer,Author,Ebook,"October 1, 2023"
Tomorrow Sex Will Be Good Again: Women and Desire in the Age of Consent,Katherine Angel,Author,Ebook,"March 1, 2021"
Tomorrow They Won't Dare to Murder Us: A Novel,Joseph Andras,Author,Ebook,"February 1, 2021"
Toussaint Louverture: The Story of the Only Successful Slave Revolt in History,C.L.R. James,Author,Ebook,"August 1, 2023"
Toward Freedom: The Case Against Race Reductionism,Touré Reed,Author,Ebook,"December 2, 2020"
Towards a Green Democratic Revolution: Left Populism and the Power of Affects,Chantal Mouffe,Author,Ebook,"November 1, 2022"
Towards a New Manifesto,Theodor Adorno and Max Horkheimer,Author,Ebook,"December 1, 2023"
Towards the Abyss: Ukraine from Maidan to War,Volodymyr Ishchenko,Author,Ebook,"March 1, 2024"
Towers of Ivory and Steel: How Israeli Universities Deny Palestinian Freedom,Maya Wind,Author,Ebook,"February 1, 2024"
Transclasses: A Theory of Social Non-reproduction,Chantal Jaquet,Author,Ebook,"May 14, 2023"
Travellers of the World Revolution: A Global History of the Communist International,Brigitte Studer,Author,Ebook,"June 1, 2023"
Treason to Whiteness is Loyalty to Humanity,"Noel Ignatiev; Geert Dhondt, Zhandarka Kurti and Jarrod Shanahan",Editor,Ebook,"June 1, 2022"
Troublemaking: Why You Should Organise Your Workplace,Lydia Hughes and Jamie Woodcock,Author,Ebook,"April 3, 2023"
Twilight of History,Shlomo Sand,Author,Ebook,"December 31, 2017"
Tycoonery: A Novel,Roger Smith,Author,Ebook,"June 18, 2015"
Uncomputable: Play and Politics In the Long Digital Age,Alexander Galloway,Author,Ebook,"November 1, 2021"
Underground America: Narratives of Undocumented Lives,Voice of Witness; Peter Orner,Editor,Ebook,"December 31, 2017"
Understanding Brecht,Walter Benjamin,Author,Ebook,"August 1, 2024"
Understanding Class,Erik Olin Wright,Author,Ebook,"December 31, 2015"
Unhitched: The Trial of Christopher Hitchens,Richard Seymour,Author,Ebook,"June 18, 2015"
"Unholy Kingdom: Religion, Corruption and Violence in Saudi Arabia",Malise Ruthven,Author,Ebook,"March 1, 2025"
"Unpaid: The Past, Present and Future of Wage Theft",Matthew Cole,Author,Ebook,"June 1, 2026"
Up in the Air: A History of High Rise Britain,Holly Smith,Author,Ebook,"November 1, 2025"
Utopia or Bust: A Guide to the Present Crisis,Benjamin Kunkel,Author,Ebook,"June 18, 2015"
Utopia: From the Novel to Revolution,Stéphanie Roza,Author,Ebook,"July 1, 2025"
Verso 2015 Mixtape: Free Ebook Collection,Verso Books UK,Editor,Ebook,"December 9, 2015"
Verso 2017 Mixtape: Free Ebook Collection,Verso Books US,Editor,Ebook,"December 31, 2017"
Vertical: The City from Satellites to Bunkers,Stephen Graham,Author,Ebook,"December 31, 2016"
Viewing Velocities: Time in Contemporary Art,Marcus Verhagen,Author,Ebook,"June 1, 2023"
Violent Borders: Refugees and the Right to Move,Reece Jones,Author,Ebook,"November 19, 2016"
"Walter Benjamin's Archive: Images, Texts, Signs","Walter Benjamin; Ursula Marx, Michael Schwartz, Gudrun Schwarz and Erdmut Wizisla",Editor,Ebook,"December 31, 2015"
"Walter Benjamin: Or, Towards a Revolutionary Criticism",Terry Eagleton,Author,Ebook,"November 1, 2024"
War and Revolution: Rethinking the Twentieth Century,Domenico Losurdo,Author,Ebook,"December 31, 2016"
War Primer,Bertolt Brecht; John Willett,Editor,Ebook,"July 28, 2017"
War With No End,"Phyllis Bennis, John Berger, Naomi Klein, Hanif Kureishi, Tram Nguyen, Arundhati Roy, Joe Sacco, Ahdaf Soueif and Haifa Zangana",Author,Ebook,"December 1, 2025"
Washington Is Burning: Corruption and Lies in the Age of Trump,Andrew Cockburn,Author,Ebook,"April 1, 2026"
Waste and the City: The Crisis of Sanitation and the Right to Citylife,Colin McFarlane,Author,Ebook,"August 1, 2023"
We Fight Fascists: The 43 Group and Their Forgotten Battle for Post-war Britain,Daniel Sonabend,Author,Ebook,"May 3, 2021"
We Uyghurs Have No Say: An Imprisoned Writer Speaks,Ilham Tohti,Author,Ebook,"March 1, 2022"
We Want Everything: A Novel,Nanni Balestrini,Author,Ebook,"December 31, 2016"
We're Here Because You Were There: Immigration and the End of Empire,Ian Sanjay Patel,Author,Ebook,"April 1, 2021"
What Comes After Farce?: Art and Criticism at a Time of Debacle,Hal Foster,Author,Ebook,"October 1, 2024"
What Goes Up: The Right and Wrongs To the City,Michael Sorkin,Author,Ebook,"July 28, 2019"
What Is Antiracism?: And Why It Means Anticapitalism,Arun Kundnani,Author,Ebook,"June 1, 2023"
What Is Cultural Criticism?,Stefan Collini and Francis Mulhern,Author,Ebook,"June 1, 2024"
What We Don't Talk About: Sex and the Mess of Life,JoAnn Wypijewski,Author,Ebook,"May 3, 2021"
Where Freedom Starts: Sex Power Violence #MeToo: A Verso Report,Verso Books US,Editor,Ebook,"February 26, 2018"
"White Skin, Black Fuel: On the Danger of Fossil Fascism",The Zetkin Collective and Andreas Malm,Author,Ebook,"May 3, 2021"
Who Owns the Wind?: Climate Crisis and the Hope of Renewable Energy,David McDermott Hughes,Author,Ebook,"October 1, 2021"
Who Will Build the Ark?: Debates on Climate Strategy from 'New Left Review',Benjamin Kunkel and Lola Seaton,Editor,Ebook,"June 1, 2023"
Why Fascism Is on the Rise in France: From Macron to Le Pen,Ugo Palheta,Author,Ebook,"August 1, 2025"
Why It's Still Kicking Off Everywhere: The New Global Revolutions,Paul Mason,Author,Ebook,"June 18, 2015"
Why Would Feminists Trust the Police?: A tangled history of resistance and complicity,Leah Cowan,Author,Ebook,"June 1, 2024"
Why You Should be a Trade Unionist,Len McCluskey,Author,Ebook,"December 2, 2020"
"Winston Churchill: His Times, His Crimes",Tariq Ali,Author,Ebook,"May 2, 2022"
With and Against: The Situationist International in the Age of Automation,Dominique Routhier,Author,Ebook,"October 1, 2023"
Without Apology: The Abortion Struggle Now,Jenny Brown,Author,Ebook,"June 1, 2022"
Woman's Estate,Juliet Mitchell,Author,Ebook,"March 1, 2025"
Women's Oppression Today: The Marxist/Feminist Encounter,Michèle Barrett,Author,Ebook,"September 14, 2019"
"Women, Resistance and Revolution: A History of Women and Revolution in the Modern World",Sheila Rowbotham,Author,Ebook,"March 1, 2026"
Work Without the Worker: Labour in the Age of Platform Capitalism,Phil Jones,Author,Ebook,"October 1, 2021"
"Work: The Last 1,000 Years",Andrea Komlosy,Author,Ebook,"July 1, 2018"
Workers and the World: Fighting Ecological Crisis from Within,Lorenzo Feltrin,Author,Ebook,"June 1, 2026"
Working Girl: On Selling Art and Selling Sex,Sophia Giovannitti,Author,Ebook,"May 14, 2023"
Working Nature: A History of the Energy Economy,Daniela Russ,Author,Ebook,"May 1, 2026"
Workshop of the World: Essays in People's History,Raphael Samuel; John Merrick,Editor,Ebook,"January 1, 2024"
Writers and Missionaries: Essays on the Radical Imagination,Adam Shatz,Author,Ebook,"May 14, 2023"
Yesterday's Man: The Case Against Joe Biden,Branko Marcetic,Author,Ebook,"March 21, 2020"
You Can't Please All: Memoirs 1980-2024,Tariq Ali,Author,Ebook,"December 1, 2024"
Your Party: The Return of the Left,Oliver Eagleton,Author,Ebook,"November 1, 2025"
